nome,significado,origem,motivo_escolha,pesquisas
Aarão,"Aharon, o elevado, o sublime",Hebr aico,Extraído de Livro dos Nomes,0
Abá,Esper ança,Afro- brasileiro,Extraído de Livro dos Nomes,0
Abaçaí,Homem de resp eito,Tupi,Extraído de Livro dos Nomes,0
Abade,"Abba, pai, guia o u chefe de um  mosteiro. O pa i pela",Hebr aico,Extraído de Livro dos Nomes,0
Abaeté,"Abá-et ê, homem de respeito",Tupi,Extraído de Livro dos Nomes,0
Abanã,"Cabelo forte, cabelo duro",Tupi,Extraído de Livro dos Nomes,0
Abaré,Amigo do h omem,Tupi,Extraído de Livro dos Nomes,0
Abati,"Cabelos dourad os, loiro",Tupi,Extraído de Livro dos Nomes,0
Abayomi,Nome feminino: encontro feliz,Yorubá,Extraído de Livro dos Nomes,0
Abdala,"Abdallah, servo de De us. Sobr enome d e muitas famílias no",Árabe,Extraído de Livro dos Nomes,0
Abdão,Aque le que serve,Hebraic o,Extraído de Livro dos Nomes,0
Abdelcáde r,Servo do Onipotente,Ára be,Extraído de Livro dos Nomes,0
Abdelca rim,Servo do Generoso. Fam oso guerr eiro m arroquino,Ára be,Extraído de Livro dos Nomes,0
Abdelmáleque,Servo do Rei,Ára be,Extraído de Livro dos Nomes,0
Abdénago,Ser vo do De us Nabo. Também usado Abdé nego,Hebr aico,Extraído de Livro dos Nomes,0
Abder ramã,Servo da Miseric órdia,Ára be,Extraído de Livro dos Nomes,0
Abdias,"Obadi ah, servo de Deus",Hebr aico,Extraído de Livro dos Nomes,0
Abdiel,M eu ser vo é De us,Hebr aico,Extraído de Livro dos Nomes,0
Abdir,Poderoso,Hebraic o,Extraído de Livro dos Nomes,0
Abdon,Aquele q ue ser ve,Hebr aico,Extraído de Livro dos Nomes,1
Abdul- Hamide,Servo do Louvado,Ára be,Extraído de Livro dos Nomes,0
Abeguar,Comedor de ge nte,Tupi,Extraído de Livro dos Nomes,0
Abel,"Heb-h el, sopro, hál ito, o qu e chora, esvanec imento. Segun do",Hebr aico,Extraído de Livro dos Nomes,0
Abela rdo,"Adelhard, nobr e resoluto. V indo do francês Abeillard,",Teutôn ico,Extraído de Livro dos Nomes,0
Abella,Bonita,Lati m,Extraído de Livro dos Nomes,0
Abiéze r,Meu pai é aux ílio,Hebraic o,Extraído de Livro dos Nomes,0
Abigail,"Abigayil, fonte de pr azer; pai do cotenta mento. Meu  pai é",Hebr aico,Extraído de Livro dos Nomes,0
Abíli o,"Abiliu, hábil, idôneo, capaz, que não é vingati vo, ou do greg o",Latim,Extraído de Livro dos Nomes,0
Abimeleque,Meu Pai é rei,Hebraic o,Extraído de Livro dos Nomes,0
Aboré,O  venerável,Afro- brasileiro,Extraído de Livro dos Nomes,0
Abra,"Abrah am, m ãe das m ultidões. Mãe do Universo. Abra foi a",Hebraic o,Extraído de Livro dos Nomes,0
Abraão,"Abrah am, pa i das mu ltidões. O verdad eiro fund ador do povo",Hebraic o,Extraído de Livro dos Nomes,0
Abram,"Abraham, sublime é o pai",Hebr aico,Extraído de Livro dos Nomes,0
Abreu,"Agradec imento, doaçã o. Do germânico. Avredo",Português,Extraído de Livro dos Nomes,0
Absalão,"Ab-salom, pai da p az. Variação: Absalem",Hebr aico,Extraído de Livro dos Nomes,0
Abu,"Pai, quand o precede n ome do filho: Abdallah, Abu Muha mmad",Ára be,Extraído de Livro dos Nomes,0
Abud,O mesmo que Abu,Ára be,Extraído de Livro dos Nomes,0
Acabe,"Irmão do pa i, tio p aterno",Hebraic o,Extraído de Livro dos Nomes,0
Acácia,"Akaki a, penoso, espi nhoso. A acáci a é uma árvore qu e",Grego,Extraído de Livro dos Nomes,0
Acciol i,"Derivado de acci aioli, instrum ento de aço p ara prod uzir fogo",Itali ano,Extraído de Livro dos Nomes,0
Acemir a,"Faz do er, doloroso",Tupi,Extraído de Livro dos Nomes,0
Achila,Feminino de Aquiles,Grego,Extraído de Livro dos Nomes,0
Aci,Mãe,Tupi,Extraído de Livro dos Nomes,0
Acilino,"Acylinus ou gre go Ák ylos, bolota, glande d e carvalh o, cidade da",Lati m,Extraído de Livro dos Nomes,0
Acindino,"Acindynus ou do greg o Akínd ynos, sem per igo. Feminino:",Latim,Extraído de Livro dos Nomes,0
Acir,Abreviatura de Moacir,Tupi,Extraído de Livro dos Nomes,0
Aclima,Irmã gê mea e m ulher de Ca im,Hebraic o,Extraído de Livro dos Nomes,0
Acrísio,"Aquele qu e não disc erne, não disti ngüe",Grego,Extraído de Livro dos Nomes,0
Açucena,"Alvura,  branca com o a flor da pla nta. Variante de Susan a",Ára be,Extraído de Livro dos Nomes,0
Ada,"Eada, feliz, próspero; ou he braic o - Adah, tiara, ornamento,",Teutôn ico,Extraído de Livro dos Nomes,0
Adail,"Addalil, gui a, caudilho, aquele que m ostra o",Portug uês ou Árab e,Extraído de Livro dos Nomes,0
Adair,"Athadara, passa gem a vau sobre carvalhos. No me de u ma",Celta,Extraído de Livro dos Nomes,0
Adala rdo,"Nobre e forte,  forte como a nobreza. Usa-s e também",Ger Mãnic o,Extraído de Livro dos Nomes,0
Adalbero,"Ad al, nobre, e bero, urso",Germ ânico,Extraído de Livro dos Nomes,0
Adalberto,"Adelbehrt, de Abel (nobr e) e Behrt (ilustre)",Teutôn ico,Extraído de Livro dos Nomes,0
Adalfr edo,No bre e pacífico,Germ ânico,Extraído de Livro dos Nomes,0
Adalgisa,Lanç a de nobr eza,Teutônico,Extraído de Livro dos Nomes,0
Adália,"Que vem de Adal, no bre, perfum ada",Teutôn ico,Extraído de Livro dos Nomes,0
Adalmiro,"No bre e brilhante, famoso",Germ ânico,Extraído de Livro dos Nomes,0
Adalto,"Para o alto, em  sentid o espiritu al",Latim,Extraído de Livro dos Nomes,0
Adalvino,Amigo no bre ou da no breza,Germ ânico,Extraído de Livro dos Nomes,0
Adalzira,Ornam ento no bre,Germ ânico,Extraído de Livro dos Nomes,0
Adamâncio,Duro co mo di amante,Lati m,Extraído de Livro dos Nomes,0
Adamantina,"Muito amável, bo m. Form a feminina de Adamantino",Grego,Extraído de Livro dos Nomes,0
Adamantin o,"Adamas, adamantos,  indomável;  diamantin o, de",Grego,Extraído de Livro dos Nomes,0
Adamanto,"Adámas, Adámantos, dia mante, indomável. Usado ta mbém",Grego,Extraído de Livro dos Nomes,0
Adamastor,"Adamas, diamante, indomável, ind ômito, invencível",Grego,Extraído de Livro dos Nomes,0
Adamir,"Brilhante, famoso, riqu ezas. Nome de ho mem ou mulher",Ger mânico,Extraído de Livro dos Nomes,0
Adamo,Amo excess ivamente,Lati m,Extraído de Livro dos Nomes,0
Adão,"Adham, h omem de terra vermelh a (referênci a ao solo",Hebr aico,Extraído de Livro dos Nomes,0
Adauto,"Aumentado, acresc ido, ajuntado",Latim,Extraído de Livro dos Nomes,0
Adel,Justo,Árabe,Extraído de Livro dos Nomes,0
Adelaide,"Adal-h eit, de linhagem nobr e. Do masculino Adalheida,",Teutônico,Extraído de Livro dos Nomes,0
Adela rdo,"Adelheid, de estirp e nobre, de class e nobre",Germ ânico,Extraído de Livro dos Nomes,0
Adelbar,"Ader Ba al (ador ador + deus fenício), adorador de Baa lemão",Fenício,Extraído de Livro dos Nomes,0
Adelelmo,No bre el mo,Germ ânico,Extraído de Livro dos Nomes,0
Adelfo,"Fraternal, ir mão",Grego,Extraído de Livro dos Nomes,0
Adélia,"Adal, nobre. Adela, Lina sã o diminutivos. Adelina, Adelino,",Teutôn ico,Extraído de Livro dos Nomes,0
Adelita,Diminutivo de Adélia,Espan hol,Extraído de Livro dos Nomes,0
Adelm ar,"Adal + Mari (nobr eza + célebre), de n obreza cé lebre",Germ ânico,Extraído de Livro dos Nomes,0
Adelm arino,"No bre, célebre",Germ ânico,Extraído de Livro dos Nomes,0
Adelmiro,"No bre, célebre",Germ ânico,Extraído de Livro dos Nomes,0
Adelmo,Abreviatur a de Adelelmo,Germ ânico,Extraído de Livro dos Nomes,0
Adelson,"Ádel, justo",Ára be,Extraído de Livro dos Nomes,0
Adeltrudes,"Adeltrud, pod er, força nobre",Germ ânico,Extraído de Livro dos Nomes,0
Ademar,"Adhemar, guerr eiro gl orios o. De Adhe (g uerreir o) e Mar",Teutôn ico,Extraído de Livro dos Nomes,0
Ademir,"Revestid o de nobrez a, riqueza",Ger mânico,Extraído de Livro dos Nomes,0
Adeodato,Da do por De us. Variação de De odato; Deus dedit,Latim,Extraído de Livro dos Nomes,0
Aderaldo,O  que governa,Germ ânico,Extraído de Livro dos Nomes,0
Aderbal,"Athar Bal l, cultor do deus Baa lemão",Fenício,Extraído de Livro dos Nomes,0
Aderico,Príncip e guerre iro,Germ ânico,Extraído de Livro dos Nomes,0
Adi,Aparec e na genealogia de Jesus,Hebraic o,Extraído de Livro dos Nomes,0
Adib,"Educado, instruído",Ára be,Extraído de Livro dos Nomes,0
Adiel,Meu ornamento é De us,Hebraic o,Extraído de Livro dos Nomes,0
Adíli o,"Fida lgo, nobre. Fem inino: Adília",Francês,Extraído de Livro dos Nomes,0
Adina,"Adni, voluptosa; estimada pe la sua figur a. Dina é di minutivo  e",Hebraic o,Extraído de Livro dos Nomes,0
Adir,Ilustre,Fenício,Extraído de Livro dos Nomes,0
Adira,Sensív el,Hebr aico,Extraído de Livro dos Nomes,0
Adlai,"Meu teste munho (da pa lavra de De us), meu ornamento",Hebraic o,Extraído de Livro dos Nomes,0
Adler,"Adlar, águ ia. Claro d e mente e visão",Teutôn ico,Extraído de Livro dos Nomes,0
Admeto,"Admetus ou gr ego Admetos,  indomável",Lati m,Extraído de Livro dos Nomes,0
Admin,Citado na ge nealogia de Jesus,Hebraic o,Extraído de Livro dos Nomes,0
Ado,Que tem  prosper idade e beleza. Fem inino: Ada,Hebraic o,Extraído de Livro dos Nomes,0
Adolfo,"Adalwolf, nobr e, lobo heró i, bravo guerr eiro. Ad, Do lf,",Teutôn ico,Extraído de Livro dos Nomes,0
Adom,Rei de Gaza,Aram aico,Extraído de Livro dos Nomes,0
Adonai,Senh ores meus. Um dos nomes de De us no Antigo,Hebr aico,Extraído de Livro dos Nomes,0
Adonaide,Nome poétic o da deus a Vênus,Grego,Extraído de Livro dos Nomes,0
Adônia,Feminino de Adônis,Grego,Extraído de Livro dos Nomes,0
Adonias,"Deus é meu senh or. Foi um prínc ipe he braico, filh o do Rei",Hebraic o,Extraído de Livro dos Nomes,0
Adoniram,Adon + ram (sen hor + elevado).  O Senhor é excelso,Hebr aico,Extraído de Livro dos Nomes,0
Adônis,"Adon ou do greg o Ádonis, senh or. Adônis na m itologia foi um",Fenício,Extraído de Livro dos Nomes,0
Adorabela,"Ador iabelle, dá diva form osa",Franco-lat ino,Extraído de Livro dos Nomes,0
Adorinda,"Adorável,  estimável",Espera nto,Extraído de Livro dos Nomes,0
Adozina,Doce,Lati m,Extraído de Livro dos Nomes,0
Adramale c,Ad ar é conselh eiro,Ba bilônico,Extraído de Livro dos Nomes,0
Adraste a,"Aquela de que m nã o se pode fugir . Apelido de Nêmesis,",Grego,Extraído de Livro dos Nomes,0
Ádrasto,"O  inevitável,  de quem não se po de fugir",Grego,Extraído de Livro dos Nomes,0
Adriana,"Da cida de de Ária, regi ão ban hada p elo ma r Adriático. Ádria",Lati m,Extraído de Livro dos Nomes,0
Adriano,"Ater, aquele que é escur o; pess oa mo rena; ap elido entre os",Latim,Extraído de Livro dos Nomes,0
Adriel,Da con gregaç ão divina,Hebr aico,Extraído de Livro dos Nomes,0
Adroaldo,"Uodal + Wald, que governa as riquez as",Teutôn ico,Extraído de Livro dos Nomes,0
Aécio,"Aetos, águia",Grego,Extraído de Livro dos Nomes,0
Aegla,"Aígle, Aglaê, esp lendor",Grego,Extraído de Livro dos Nomes,0
Afif,"Hon esto,  casto",Árabe,Extraído de Livro dos Nomes,0
Afonso,"Nobre e di ligente, atencioso. V ariação de Alfonso",Ger mânico,Extraído de Livro dos Nomes,0
Afra,Feminino de afro,Lati m,Extraído de Livro dos Nomes,0
Afrânio,"Afrani us, que vem de uma língua afric ana. Poeta côm ico lat ino",Lati m,Extraído de Livro dos Nomes,0
Agamedes,"Arqu iteto que construi u o templo de Apolo, em  Delfos",Grego,Extraído de Livro dos Nomes,0
Agamenon,"Muito firme, pers everante, resistente",Grego,Extraído de Livro dos Nomes,0
Agápio,"Afeiçã o, caridade",Grego,Extraído de Livro dos Nomes,0
Agapito,"Agapitus ou do gre go Agapetós, amável, quer ido",Lati m,Extraído de Livro dos Nomes,0
Agar,Estrang eira. Agar foi concub ina de Abraã o,Hebraic o,Extraído de Livro dos Nomes,0
Ágat a,"Agathé, boa, bondosa",Grego,Extraído de Livro dos Nomes,0
Agátocle s,Boa fam a,Grego,Extraído de Livro dos Nomes,0
Agda,Boa,Grego,Extraído de Livro dos Nomes,0
Agenor,"Bravo, soberbo, viril",Grego,Extraído de Livro dos Nomes,0
Ageu,"Alegre, festi vo, contente,  nasc ido e m dia de festa",Hebr aico,Extraído de Livro dos Nomes,0
Agilberto,"Agil-bert, espada que br ilha ou espad a que tem  fama,",Germ ânico,Extraído de Livro dos Nomes,0
Agild o,Ofer ta dos d euses,Teutônico,Extraído de Livro dos Nomes,0
Agliberto,Espa da que bri lha,Germ ânico,Extraído de Livro dos Nomes,0
Agnata ou  Agnato,Parente por li nha pater na,Lati m,Extraído de Livro dos Nomes,0
Agnelo,"Agnellus, cord eirinho",Lati m,Extraído de Livro dos Nomes,0
Agnês,"Agne, pura, santa, cord eirinha, ovelh a nova",Grego,Extraído de Livro dos Nomes,0
Agostinh o,Form a diminutiva de Augusto,Latim,Extraído de Livro dos Nomes,0
Agra,Campo de fonte,Portug uês,Extraído de Livro dos Nomes,0
Agrécio,"Agreste, do ca mpo",Lati m,Extraído de Livro dos Nomes,0
Agrícola,Agric ultor,Lati m,Extraído de Livro dos Nomes,0
Agripa,Dado à lu z com dificuld ade. Grande ge neral ro mano,Lati m,Extraído de Livro dos Nomes,0
Agripina,Que foi dad o à luz com dificuldade,Latin o,Extraído de Livro dos Nomes,0
Agripino,"Der ivado d e Agripa: Agra + pous (p egar + pé), o que nasceu",Latim,Extraído de Livro dos Nomes,0
Aguiar,Lu gar onde h abita m águ ias,Português,Extraído de Livro dos Nomes,0
Aguilar,Orig inário do portugu ês Aguiar,Esp anho l,Extraído de Livro dos Nomes,0
Aguinal do,"Aginald, aq uele q ue governa com a espada",Teutôn ico,Extraído de Livro dos Nomes,0
Agustine,"Augustin e, que pertence a Augusto. Agostinho, Austi n, são",Latim,Extraído de Livro dos Nomes,0
Aida,"Pud or, recato. Nome de u ma óp era de V erdi, repres entada pe la",Italiano,Extraído de Livro dos Nomes,0
Aída,"Derivam Aída, do an glo-s axão Eada (pr óspera, feliz)",Et íope,Extraído de Livro dos Nomes,0
Aidil,"Eid il, nobre, fida lgo. Ou do ár abe Aidel, justic eiro",Germ ânico,Extraído de Livro dos Nomes,0
Ailson,De sa grada fam a,Germ ânico,Extraído de Livro dos Nomes,0
Aílton,Variação do nome Ayrton,Francês,Extraído de Livro dos Nomes,0
Aimberê,"Dur o, inflexível; flauta im prestável ou lag artixa. Variação:",Tupi,Extraído de Livro dos Nomes,0
Aimara,Araçá do bre jo. Variação: Aymara,Tupi,Extraído de Livro dos Nomes,0
Aimê,"Aimée, amada, quer ida",Francês,Extraído de Livro dos Nomes,0
Aimée,"Amada, querida. Particípi o passado fe minino d o verbo a imer",Francês,Extraído de Livro dos Nomes,0
Aimone,"Do g ótico Haims; ho me, em  inglês, casa",Germ ânico,Extraído de Livro dos Nomes,0
Aimoré,"Hai + mb o' ré, o mordedor; do verbo mbor (ter)",Tupi,Extraído de Livro dos Nomes,0
Airão,M eu irmão,Hebr aico,Extraído de Livro dos Nomes,0
Aires,"Ar, águia, prínci pe, senhor . Usado co mo so breno me",Germ ânico,Extraído de Livro dos Nomes,0
Airumã,Estre la D'a lva,Tupi,Extraído de Livro dos Nomes,0
Aixa,A vivente.  Nome da mu lher favorita de Maomé,Ára be,Extraído de Livro dos Nomes,0
Airy,Nome de u ma p almeira,Tupi,Extraído de Livro dos Nomes,0
Aisó,Form osa,Tupi,Extraído de Livro dos Nomes,0
Aiury,"O socorro, a ajuda",Tupi,Extraído de Livro dos Nomes,0
Aiyra,Filh a,Tupi,Extraído de Livro dos Nomes,0
Ajá,Espírito benfaz ejo,Afro- brasileiro,Extraído de Livro dos Nomes,0
Ajagunã,Guerr eiro forte,Afro-bras ileiro,Extraído de Livro dos Nomes,0
Ajax,"Que ge me ou l amenta, person agem mi tológico",Grego,Extraído de Livro dos Nomes,0
Ajuricaba,"Muito  irritável. Espéci e de abelha. Índio am azonense q ue,",Tupi,Extraído de Livro dos Nomes,0
Ajyra,"Filh a do irm ão, sobri nha",Tupi,Extraído de Livro dos Nomes,0
Alabá,Espírito infanti l,Afro- brasileiro,Extraído de Livro dos Nomes,0
Aladino,Subl imidade da rel igião,Árabe,Extraído de Livro dos Nomes,0
Adaíde,Linhagem nobr e. Variação de Adelaide,Francês,Extraído de Livro dos Nomes,0
Alan,"Crescer , grac ioso, agra dável",Germ ânico o u celta,Extraído de Livro dos Nomes,0
Alana,"Li nda, bela",Celta,Extraído de Livro dos Nomes,0
Alaor,Filho d e Abderram ã,Árabe,Extraído de Livro dos Nomes,0
Alarice,"Alhric, que governa todas as cois as, todo-p oderoso",Teutônico,Extraído de Livro dos Nomes,0
Alarico,"Alhric, todo p oderos o, que governa tudo",Teutôn ico,Extraído de Livro dos Nomes,0
Alba,"Alva,  muito bra nca",Lati m,Extraído de Livro dos Nomes,0
Albach,Ri acho das e nguias,Germ ânico,Extraído de Livro dos Nomes,0
Albano,"Nascid o na cida de de Alba, Itália. Variação masculina de Albino",Lati m,Extraído de Livro dos Nomes,0
Albarino,Reboc ador,Lati m,Extraído de Livro dos Nomes,0
Albérico,Rei dos m ontes,Teutôn ico,Extraído de Livro dos Nomes,0
Alberto,"Aethe lbert,  nobre e bri lhante ou i lustre. O me smo que",Teutôn ico,Extraído de Livro dos Nomes,0
Albin o,"Albinus, que vem de Albus, alvo, branco",Latim,Extraído de Livro dos Nomes,0
Albio n,Alvo. Nome pelo qual também se co nhece a Ingl aterra,Latim,Extraído de Livro dos Nomes,0
Alboi no,"Alf + win (elfo + am igo), amigo de Elfos, os espíritos do",Ger mânico,Extraído de Livro dos Nomes,0
Albornoz,Origi nário d a tribo berber e. Usado co mo sobr enome,Português,Extraído de Livro dos Nomes,0
Albuq uerque,"Alba + quercus, carvalho branco",Lati m,Extraído de Livro dos Nomes,0
Alcaçova,Do caste lo de Alcaçova  de L isboa,Português,Extraído de Livro dos Nomes,0
Alcântara,"Al + kantara, po nte",Árabe,Extraído de Livro dos Nomes,0
Alcebíades,"Alkibiades, violento e generos o",Grego,Extraído de Livro dos Nomes,0
Alceste,"Alk, forte,  vigoroso. Figura m itológica ress uscitada por Quir on",Grego,Extraído de Livro dos Nomes,0
Alceu,"Alkaios, forte",Grego,Extraído de Livro dos Nomes,0
Alcides,Variação de Alceu,Grego,Extraído de Livro dos Nomes,0
Alcídio,"O me smo que Alcídes, Alceu",Grego,Extraído de Livro dos Nomes,0
Alcina,"Alkinoé, de me nte forte;  capaz de transform ar poeira em ouro",Grego,Extraído de Livro dos Nomes,0
Alcindo,"Caráter forte.  Variação ma sculina d e Alcino, que vem de",Grego,Extraído de Livro dos Nomes,0
Alcione,"Maçarico, ave marinha. Nome de um a estrela d a constelaçã o",Grego,Extraído de Livro dos Nomes,0
Alda,"Eada, velha, sáb ia, rica",Teutôn ico,Extraído de Livro dos Nomes,0
Aldemiro,V ariação de Adelmiro,Germ ânico,Extraído de Livro dos Nomes,0
Alderico,Sen hor de nobr eza ou príncip e venerável por sua id ade,Germ ânico,Extraído de Livro dos Nomes,0
Aldevino,Amigo da no breza. Fem inino: Aldevina,Germ ânico,Extraído de Livro dos Nomes,0
Aldo,"Ald, velho e sáb io",Teutônico,Extraído de Livro dos Nomes,0
Aldobrand o,Espada velha,Ger mânico,Extraído de Livro dos Nomes,0
Aldonca,Doc e,Latim,Extraído de Livro dos Nomes,0
Aldonça,"Guerr eira no bre, guerre ira velha",Ger mânico,Extraído de Livro dos Nomes,0
Aleardo,Estrange iro que te m força,Germ ânico,Extraído de Livro dos Nomes,0
Alécio,"Calda de peixe,  salmoura",Lati m,Extraído de Livro dos Nomes,0
Alecrim,"No me de flor, usad o como sobren ome",Português,Extraído de Livro dos Nomes,0
Aleixo,"Alexius, grego Aléxios,  que defend e e protege. V ariaç ão de",Lati m,Extraído de Livro dos Nomes,0
Aleluia,Louva ao Sen hor,Hebraic o,Extraído de Livro dos Nomes,0
Alenc ar,"Templo dos Alanos. Derivado tam bém de Alenquer, vila",Ger mânico,Extraído de Livro dos Nomes,0
Alessandra,Que res iste aos homens. Adaptação ita liana do greg o para,Grego,Extraído de Livro dos Nomes,0
Alete,"Alada, se melhante a um  passar inho",Latim,Extraído de Livro dos Nomes,0
Alexandre,"Alexandros, defensor da es pécie h umana",Grego,Extraído de Livro dos Nomes,0
Alexandri no,Form a diminutiva de Alexandrin a,Grego,Extraído de Livro dos Nomes,0
Aléxis,Que se defend e. Variação de Alexandre,Grego e L atim,Extraído de Livro dos Nomes,0
Alfa,Primeira l etra do alfabeto gre go. Alfa e Ôm ega: o princípi o e o fim,Grego,Extraído de Livro dos Nomes,0
Alfena,"Planta sem elhante ao ja smim, d e flores brancas",Grego,Extraído de Livro dos Nomes,0
Alfeu,"Alphéios, branco, alvo",Grego,Extraído de Livro dos Nomes,0
Álfio,Derivado dos oscos. V ariaç ão de Alfeu,Itali ano,Extraído de Livro dos Nomes,0
"Alfonsina,  Alfonsine",Fem inino de Alfonso,Ale mão,Extraído de Livro dos Nomes,0
Alfonso,"Adalfuns,  de espírito combativo , inclinado ao com bate",Teutôn ico,Extraído de Livro dos Nomes,0
Alfreda,Co nselh eira dos e lfos,Teutônico,Extraído de Livro dos Nomes,0
Alfredo,"Aelfraed, bo m ou pe quen o duende conse lheiro. Ou de",Angl o-saxão,Extraído de Livro dos Nomes,0
Ali,"Al ou el, sen hor, sublime, excelso",Ára be,Extraído de Livro dos Nomes,0
Alice,"Aleth ia, a verdade ira; grega q ue não con hece a me ntira. Elsi e,",Grego,Extraído de Livro dos Nomes,0
Aligh ieri,La nça velha ou lança estra geira. No me e so breno me d e,Germ ânico,Extraído de Livro dos Nomes,0
Alilat,O deus Ura no,Ára be,Extraído de Livro dos Nomes,0
Alina,Agulha,Latim,Extraído de Livro dos Nomes,0
Aline,"De linhage m no bre, gracios a, atrae nte. Variação francesa Adeline,",Celta,Extraído de Livro dos Nomes,0
Alípi o,Alegre,Grego,Extraído de Livro dos Nomes,0
Alírio,Natur a alemão d a Ilíria. Santo da Igre ja Catól ica,Latim,Extraído de Livro dos Nomes,0
Alison,De sa grada fam a,Germ ânico,Extraído de Livro dos Nomes,0
Allende,"Além, do lad o de lá, além da po nte",Esp anho l,Extraído de Livro dos Nomes,0
Alma,"Bon dosa, clemente. Substânc ia espir itual qu e governa o cor po",Latim,Extraído de Livro dos Nomes,0
Almada,A mina (d e ouro ou prata),Grego,Extraído de Livro dos Nomes,0
Almeida,"Al + ma ida, campo plano, chão pla no, mesa. Sobr enome",Árabe,Extraído de Livro dos Nomes,0
Alméria,Princes a. Ou proce dentes da província espa nhola de Alméria,Árabe,Extraído de Livro dos Nomes,0
Almerinda,Procede nte da cidade de Alméria,Espan hol,Extraído de Livro dos Nomes,0
Almerind o,V ariaç ão de Almério,Teutônico,Extraído de Livro dos Nomes,0
Almério,Prínci pe rico e traba lhador,Teutôn ico,Extraído de Livro dos Nomes,0
Almir,Ilustrado p or nobreza,Teutônico,Extraído de Livro dos Nomes,0
Almirante,Alcunha pri mitiva usad a como nome e sobre nome,Portug uês,Extraído de Livro dos Nomes,0
Almiro,"O  prínci pe, celta, delicadeza",Árabe,Extraído de Livro dos Nomes,0
Alódia,Herdeira,Teutôn ico,Extraído de Livro dos Nomes,0
Aloísio,"Inteir amente prud ente, esperto. Variação d e Luís",Lati m,Extraído de Livro dos Nomes,0
Alpin o,"Albinus e Albus, alvo, branco",Latim,Extraído de Livro dos Nomes,0
Al-samir,O  amigo enca ntador,Árabe,Extraído de Livro dos Nomes,0
Altair,A estrela qu e voa; da constelaç ão da águ ia,Árabe,Extraído de Livro dos Nomes,0
Altamir,"Velho, esperto, brilhante",Ger mânico,Extraído de Livro dos Nomes,0
Altamiro,"Altmir, velho esperto ou bri lhante. Ou do topônimo",Germ ânico,Extraído de Livro dos Nomes,0
Altéia,"Althaía, que cur a, sara",Grego,Extraído de Livro dos Nomes,0
Altino,De estatura fora do com um,Lati m,Extraído de Livro dos Nomes,0
Aluísio,"Aloysius, que vem de Lu dwig (Luiz) em  alemão, daí o no me",Lati m,Extraído de Livro dos Nomes,0
Alvarado,"Conse lho dos e lfos, também der ivado d e Álvaro ou de",Ger mânico,Extraído de Livro dos Nomes,0
Alvarenga,Nascid o em Alvarenga,Portug uês,Extraído de Livro dos Nomes,0
Álvaro,"All + Wars, muito atento",Teutônico,Extraído de Livro dos Nomes,0
Alvim,Der ivado d e Albini (vila),Português,Extraído de Livro dos Nomes,0
Alvina,"Adal + win, nobre amigo",Germ ânico,Extraído de Livro dos Nomes,0
Alvino,No bre am igo,Germ ânico,Extraído de Livro dos Nomes,0
Alzira,Orna mento e beleza,Teutôn ico,Extraído de Livro dos Nomes,0
Amã,Grande,Persa,Extraído de Livro dos Nomes,0
Amábile,"Amabile, amável",Italiano,Extraído de Livro dos Nomes,0
Amada,"Aimés, am ada. Significaç ão litera l",Francês,Extraído de Livro dos Nomes,0
Amadeu,Ama a Deus,Latim,Extraído de Livro dos Nomes,0
Amado,"Amado, querido",Lati m,Extraído de Livro dos Nomes,0
Amador,Aquele que am a,Latim,Extraído de Livro dos Nomes,0
Amalberga,Que pr otege os trabal hos da guerr a,Ger mânico,Extraído de Livro dos Nomes,0
Amália,"Amala, aquela que é traba lhadora e ativa",Gótico,Extraído de Livro dos Nomes,0
Amaltrudes,Ativa e querida,Latim,Extraído de Livro dos Nomes,0
Amana,"Chuva, nuvem",Tupi,Extraído de Livro dos Nomes,0
Amanac y,"Mãe da chuva,  páss aro que an uncia a ch uva",Tupi,Extraído de Livro dos Nomes,0
Amanar a,Dia chuvoso,Tupi,Extraído de Livro dos Nomes,0
Amanay ara,"O manda chuva,  o sen hor da chuva",Tupi,Extraído de Livro dos Nomes,0
Amâncio,"Aquele qu e ama, a mante",Lati m,Extraído de Livro dos Nomes,0
Amanda,"Amanda, dig na de ser am ada",Latim,Extraído de Livro dos Nomes,0
Amandi no,Aquele qu e deve ser am ado,Lati m,Extraído de Livro dos Nomes,0
Amândi o,Aquele que deve ser a mado,Latim,Extraído de Livro dos Nomes,0
Amando,"Que é p ara amar, digno de ser a mado",Lati m,Extraído de Livro dos Nomes,0
Amandy,Água da chuva,Tupi,Extraído de Livro dos Nomes,0
Amapola,"Bela flor , papou la",Espan hol,Extraído de Livro dos Nomes,0
Amaral,"Onde há a maros, espécie d e salva, planta a marga",Português,Extraído de Livro dos Nomes,0
Amarante,"Que não des merece, nome do a maranto (flor dos",Latim o u grego,Extraído de Livro dos Nomes,0
Amaranto,Que n ão des merec e,Grego,Extraído de Livro dos Nomes,0
Amarílis,"Fresca, brilhante. Planta de gra ndes e bel as flores",Latim,Extraído de Livro dos Nomes,0
Amarino,Um pouco a margo,Lati m,Extraído de Livro dos Nomes,0
Amaro,"Amarus, am argo. O mesmo que M auro",Lati m,Extraído de Livro dos Nomes,0
Amary,Árvore da famí lia das rutáce as,Tupi,Extraído de Livro dos Nomes,0
Amasia s,Javé confirm ou,Hebraic o,Extraído de Livro dos Nomes,0
Amata,Amada,Lati m,Extraído de Livro dos Nomes,0
Amato,Amado,Latim,Extraído de Livro dos Nomes,0
Amazonas,"Amazónes, sem  seio",Grego,Extraído de Livro dos Nomes,0
Ambrósio,"Abrotos, o divino, o imortal",Grego,Extraído de Livro dos Nomes,0
Américo,Prínci pe lab orios o. O mesmo que Amauri,Teutôn ico,Extraído de Livro dos Nomes,0
Amerino,"Amerinus, naturale mão da cid ade de América, Etrúria",Lati m,Extraído de Livro dos Nomes,0
Amério,Chefe de obr a,Ger mânico,Extraído de Livro dos Nomes,0
Amiel,M eu povo  é Deus,Hebr aico,Extraído de Livro dos Nomes,0
Amílcar,"Ham Melkas, graça de Hérc ules",Púnic o,Extraído de Livro dos Nomes,0
Amin,Fiel. Nome d a mãe de Maomé,Árabe,Extraído de Livro dos Nomes,0
Amina,Fiel. Amina foi a mãe de Maomé (Mahomet) fundador d o,Árabe,Extraído de Livro dos Nomes,0
Aminabad,M eu tio patern o é generos o,Hebr aico,Extraído de Livro dos Nomes,0
Aminda,Digna de ser a mada,Espera nto,Extraído de Livro dos Nomes,0
Aminon,Digno d e confianç a,Hebraic o,Extraído de Livro dos Nomes,0
Amintas,"Amyno, protetor , defensor",Grego,Extraído de Livro dos Nomes,0
Amir,Prínci pe,Ára be,Extraído de Livro dos Nomes,0
Amiron,Deus é sub lime,Hebr aico,Extraído de Livro dos Nomes,0
Ammon,"Júpiter. Hebraico: filh o do meu povo, no me de u m rei d e Judá,",Líb io,Extraído de Livro dos Nomes,0
Amonati,dista nte,Tupi,Extraído de Livro dos Nomes,0
Amorin,Origem de Gáliza,Lati m,Extraído de Livro dos Nomes,0
Amós,"O forte, o robusto",Hebraic o,Extraído de Livro dos Nomes,0
Amapro,"Manuparar e, dar a m ão ou proteger",Latim,Extraído de Livro dos Nomes,0
Ampéli o,"Ampelius, grego Ampelos, v inhedo",Latim,Extraído de Livro dos Nomes,0
Ana,"Han nah, cheia de graça, a benéfic a",Hebr aico,Extraído de Livro dos Nomes,0
Anabela,Amável,Inglês,Extraído de Livro dos Nomes,0
Anacleto,Chamado de novo,Grego,Extraído de Livro dos Nomes,1
Anael,No ocultis mo é o a njo qu e governa as sa lamandras,Grego,Extraído de Livro dos Nomes,0
Anajá,Palmeira alta,Tupi,Extraído de Livro dos Nomes,0
Anajé,Gavião,Tupi,Extraído de Livro dos Nomes,0
Anami,Nome de uma árvore,Tupi,Extraído de Livro dos Nomes,0
Ananã,"Cheiros o, fruta cheiros a, ananás, abac axi",Tupi,Extraído de Livro dos Nomes,0
Ananias,"Han aniah, o amado de De us",Hebr aico,Extraído de Livro dos Nomes,0
Anápio,"Anapius, greg o Anapias, romano q ue salvou seus pais de u ma",Lati m,Extraído de Livro dos Nomes,0
Anastácia,"Anastac ios, da ressurreiç ão",Grego,Extraído de Livro dos Nomes,0
Anatólio,"Anato lios, ho mem do or iente ou do le ste",Grego,Extraído de Livro dos Nomes,0
Anaxágoras,"Anax  + agor á (o primeiro + reu nião), o do minador d a",Grego,Extraído de Livro dos Nomes,0
Anaximandro,"Nascid o para governar , dominador",Grego,Extraído de Livro dos Nomes,0
Anchieta,Topônimo de or igem basca,Espan hol,Extraído de Livro dos Nomes,0
Ander son,Filho d e Andr é,"Germ ânico, in glês",Extraído de Livro dos Nomes,0
Andirá,"Vampiro, morcego",Tupi,Extraído de Livro dos Nomes,0
Andrade,Topônimo do reino d a Galiza,Português,Extraído de Livro dos Nomes,0
André,"Andr eas, forte, viril",Grego,Extraído de Livro dos Nomes,0
Andreoli,Sobr enome ita liano derivado de André,Italiano,Extraído de Livro dos Nomes,0
Ándrocles,"Glória de ho mem, ho mem glorioso",Grego,Extraído de Livro dos Nomes,0
Aneci,"Cheia de graça, relativo a Nanci",Francês,Extraído de Livro dos Nomes,0
Anésio,"Ánesis, repous o",Grego,Extraído de Livro dos Nomes,0
Ângela,"Ángelos (leia-s e ânguelos), me nsag eiro",Grego,Extraído de Livro dos Nomes,0
Angélica,"Angelicus, puro com o um  anjo. Conceito da m ulher",Greco-l atino,Extraído de Livro dos Nomes,0
Ângelo,"Ângelos, anjo, daí o italiano Ângelo, anjo ou m ensageiro",Grego,Extraído de Livro dos Nomes,0
Angícia,De usa dos enca ntam entos. Às vezes  confundi da com  sua irm ã,Latim,Extraído de Livro dos Nomes,0
Anhaia,Irmã o,"Espan hol, basco",Extraído de Livro dos Nomes,0
Anhangá,Só alma,Tupi,Extraído de Livro dos Nomes,0
Anhangüera,"O fantasm a, diabo consu mado, o esp ectro.  Variação:",Tupi,Extraído de Livro dos Nomes,0
Aníbal,"Graça de Baa l, dádiva  de Baal",Púnic o,Extraído de Livro dos Nomes,0
Aniceto,Invencí vel,Grego,Extraído de Livro dos Nomes,0
Anícia,Filha d e Ana,Hebr aico,Extraído de Livro dos Nomes,0
Anira,Anel,Tupi,Extraído de Livro dos Nomes,0
Anis,Amável,Árabe,Extraído de Livro dos Nomes,0
Anísio,"Completo, perfe ito",Grego,Extraído de Livro dos Nomes,0
Anjos,Sobren ome de orig em religiosa,Portug uês,Extraído de Livro dos Nomes,0
"Ann, Anne",Ana,"Ing lês, franc ês",Extraído de Livro dos Nomes,0
Ansbe rto,Bril ho dos de uses Asen,Germ ânico,Extraído de Livro dos Nomes,0
Anselmo,"Ansh elm, e lmo divino",Teutôn ico,Extraído de Livro dos Nomes,0
Antelmo,Co berto de flores,Germ ânico,Extraído de Livro dos Nomes,0
Antê mio,"Anthos, flor",Grego,Extraído de Livro dos Nomes,0
Antenor,Lutador qu e toma lugar de outro; aqu ele qu e substitui outro,Grego,Extraído de Livro dos Nomes,0
Ante ro,Cheio de flores,Grego,Extraído de Livro dos Nomes,0
Anteu,"Antai os ou Anthé us, que está na vangu arda, florid o. Giga nte",Grego,Extraído de Livro dos Nomes,0
Anthony,Antônio,Inglês,Extraído de Livro dos Nomes,0
Antídi o,Que está perante Zeus,Grego,Extraído de Livro dos Nomes,0
Antístene s,Que é contra a força,Grego,Extraído de Livro dos Nomes,0
Antoine,Antôn io,Francês,Extraído de Livro dos Nomes,0
Antônia,"Anton ia, inesti mável.  A que não tem  preço. Forma fe minina d e",Lati m,Extraído de Livro dos Nomes,0
Antoni no,Li gado a Antôni o,Latim,Extraído de Livro dos Nomes,0
Antôni o,"Antonius, in estim ável, o que nã o tem preç o. Tonho, Toninho,",Latim,Extraído de Livro dos Nomes,0
Aparício,"Apar ição. Antigamente, no Brasi l, os m eninos nasc idos no di a",Lati m,Extraído de Livro dos Nomes,0
Apiúna,Pinta do de preto,Tupi,Extraído de Livro dos Nomes,0
Apoem a,Aquele qu e enxerga longe,Tupi,Extraído de Livro dos Nomes,0
Apoli nário,"Co nsagra do a Apolo, deus da pr ocriaçã o na mitologia greco-",Latim,Extraído de Livro dos Nomes,0
Apolo,O ma is be lo dos deus es. Deus da procr iação,Lati m,Extraído de Livro dos Nomes,0
Apolo doro,Pres ente do deus gr ego Apolo,Grego,Extraído de Livro dos Nomes,0
Apolô nia,Co nsagra da a Apolo,Grego,Extraído de Livro dos Nomes,0
Apolô nio,"Apollonius, grego Apélon, o pertencente a o deus Apolo, o",Lati m,Extraído de Livro dos Nomes,0
Aprígio,Caçad or de javali,Lati m,Extraído de Livro dos Nomes,0
Aquias,"M eu irmão é Javé,  amigo de Ja vé",Hebr aico,Extraído de Livro dos Nomes,0
Áquila,"Aquila, águ ia",Lati m,Extraído de Livro dos Nomes,0
Aquiles,"Achiléus ou Achlys, lobo terrí vel. Homem de lá bios curtos e",Grego,Extraído de Livro dos Nomes,0
Aquil ina,"Aquila, águia",Latim,Extraído de Livro dos Nomes,0
Aquil ino,"Aquila, águ ia",Lati m,Extraído de Livro dos Nomes,0
Aquin o,"Nasc ido e m Aquino, Itália (Sa nto Tomás de Aquino)",Latim,Extraído de Livro dos Nomes,0
Ará,"A que an da, caminha",Hebr aico,Extraído de Livro dos Nomes,0
Arabela,"Ara-bel la, altar form oso",Latim,Extraído de Livro dos Nomes,0
Arabi,"Lindas lá grimas. Índia a mazonens e que segu ndo a le nda, chorou",Tupi,Extraído de Livro dos Nomes,0
Aracaé,Pássaro bri guento,Tupi,Extraído de Livro dos Nomes,0
Aracê,"Despo ntar, auror a",Tupi,Extraído de Livro dos Nomes,0
Aracéli,Altar do céu,tup i,Extraído de Livro dos Nomes,0
Aracema,"Saída do d ia, aurora",Tupi,Extraído de Livro dos Nomes,0
Araci,"Aracy, mão do dia, a aurora",Tupi,Extraído de Livro dos Nomes,0
Aracné,"Aran ha, na mitologia",Grego,Extraído de Livro dos Nomes,0
Aracunda,"Papag aio arrufa do ou parru do, forte",Tupi,Extraído de Livro dos Nomes,0
Aragão,"Aragó n, topô nimo de Aragón, proc edente de Aragó n",Esp anho l,Extraído de Livro dos Nomes,0
Araguarino,A água ou rio da ba ixada dos papagaios,Tupi,Extraído de Livro dos Nomes,0
Araíba,"Papag aio ou te mpo m au, tem pestad e",Tupi,Extraído de Livro dos Nomes,0
Aramis,"Oriundo d e Aramits, uma localidade dos Baixos Pirineus, na",Basco,Extraído de Livro dos Nomes,0
Aranha,"Que tece,  tece lã perfeita. Alcunha q ue ma is tarde pass ou a ser",Grego,Extraído de Livro dos Nomes,0
Arani,Tempo furioso,Tupi,Extraído de Livro dos Nomes,0
Arantes,"De Arantes, topônimo",Galeg o,Extraído de Livro dos Nomes,0
Arão,"O montanhês, o el evado, o ilu minado, o inspira do",Hebraic o,Extraído de Livro dos Nomes,0
Arapuã,Abelha qu e faz o enxu redon do,Tupi,Extraído de Livro dos Nomes,0
Araquém,"Pássar o ou tempo que dor me, dor minhoc o",Tupi,Extraído de Livro dos Nomes,0
Ararê,"Amigo dos pap agaios, páss aros",Tupi,Extraído de Livro dos Nomes,0
Arari,"Arara am arela, canindé. Nome de um a árvore e da tinta que del a se",Tupi,Extraído de Livro dos Nomes,0
Araribóia,"Cobra do rio d as araras, cobra ronca deira",Tupi,Extraído de Livro dos Nomes,0
Araripe,Rio dos pap agaios,Tupi,Extraído de Livro dos Nomes,0
Araruna,Arara preta,Tupi,Extraído de Livro dos Nomes,0
Aratama,Terra dos pa paga ios,Tupi,Extraído de Livro dos Nomes,0
Araújo,"Topônimo do galego, do castelo de Araúj a, perto do rio",Português,Extraído de Livro dos Nomes,0
Arcádio,"Arcad ius, grego Arkádi os, homens ursos, vindos d a terra d os",Lati m,Extraído de Livro dos Nomes,0
Arcângelo,O pri meiro entre os anj os,Grego,Extraído de Livro dos Nomes,0
Arco-ve rde,"Muirau bi, madeira para arco (m uíra) v erde (u bi)",Tupi,Extraído de Livro dos Nomes,0
Arduíno,Homem forte  e au daz,Teutôn ico,Extraído de Livro dos Nomes,0
Arésio,Agradável,Grego,Extraído de Livro dos Nomes,0
Argemiro,"Co mbatente,  guerreir o ilustre",Teutônico,Extraído de Livro dos Nomes,0
Argeu,"Arge ios ou Aragaios, radiante, bri lhoso",Grego,Extraído de Livro dos Nomes,0
Argos,"Brilhante, luzidio, radiante. Person agem mi tológico",Grego,Extraído de Livro dos Nomes,0
Ari,"Arih, leã o. Tupi: homem vaidoso, o cachea do",Hebraic o,Extraído de Livro dos Nomes,0
Ariadna,Nome de pers onag em da mitologia greg a que deu a se u,Grego,Extraído de Livro dos Nomes,0
Ariadne,"Ariádne, ou ori undo da i lha de Cr eta. Ari M ágne, a mu ito",Grego,Extraído de Livro dos Nomes,0
Ariana,"Ares, nome do deus da g uerra na m itologia, eq uivalente a",Grego,Extraído de Livro dos Nomes,0
Ariberto,E xército valoroso. No me d e reis da Lombardia,Germ ânico,Extraído de Livro dos Nomes,0
Aricem a,Palma que brota,Tupi,Extraído de Livro dos Nomes,0
Arícia,Princ esa ateni ense,Grego,Extraído de Livro dos Nomes,0
Arides,"Aridaios, latim Arideus, muito destruid or, guerr eiro",Grego,Extraído de Livro dos Nomes,0
Ariel,"Fogo de De us, leão de De us",Hebr aico,Extraído de Livro dos Nomes,0
Arilda,"Lar , doméstica",Germ ânico,Extraído de Livro dos Nomes,0
Arina,Alegre,Hebr aico,Extraído de Livro dos Nomes,0
Arion,"O  muito enérgico, o apressad o",Grego,Extraído de Livro dos Nomes,0
Ariosto,"Latin izado Ariovistus,  o fida lgo. Fam oso poeta ital iano, autor de",Celta,Extraído de Livro dos Nomes,0
Ariovald o,"Ariawald ou Heri + w aldan (exército +  comandar), o9",Ger mânico,Extraído de Livro dos Nomes,0
Aristágoras,"O ótim o orad or, ótim o conse lheiro",Grego,Extraído de Livro dos Nomes,0
Aristar co,Ótimo chefe,Grego,Extraído de Livro dos Nomes,0
Aristeu,"Ótim o, muito b om",Grego,Extraído de Livro dos Nomes,0
Aristides,Bril hante pe la sua ascen dênc ia,Grego,Extraído de Livro dos Nomes,0
Aristip o,O  melhor cavalo. Filósofo sensu alista,Grego,Extraído de Livro dos Nomes,0
Aristo,O me lhor,Grego,Extraído de Livro dos Nomes,0
Aristocléa o u Aristocléia,"Ilustre.  Sacer dotisa do Templo de Apolo,",Grego,Extraído de Livro dos Nomes,0
Arístocles,O  melhor e ma is rep utado,Grego,Extraído de Livro dos Nomes,0
Aristodemo,O me lhor do povo,Grego,Extraído de Livro dos Nomes,0
Aristófanes,O  que parec e ser o m elhor,Grego,Extraído de Livro dos Nomes,0
Aristófi la,Amiga das coisas no bres ou me lhores,Grego,Extraído de Livro dos Nomes,0
Aristófi lo,"Amigo do melhor, do puro, do be m esco lhido",Grego,Extraído de Livro dos Nomes,0
Ariston,O me lhor,Grego,Extraído de Livro dos Nomes,0
Aristóteles,"E xcelente confide nte, ótimo co nselh eiro",Grego,Extraído de Livro dos Nomes,0
Aritana,Nome de u m fam oso caci que da tribo,Yawalapiti,Extraído de Livro dos Nomes,0
Arlene,"Gara ntia, penhor",Celta,Extraído de Livro dos Nomes,0
Arlete,"Airleas, (pe nhor) atra vés do francês Arlette",Celta,Extraído de Livro dos Nomes,0
Arlindo,"Poderoso co mo a águia, escu do da águ ia",Teutôn ico,Extraído de Livro dos Nomes,0
Armando,"Homem do e xército, homem de armas",Teutôn ico,Extraído de Livro dos Nomes,0
Armênio,"Natural d a Armênia, terra dos m ontes az uis",Lati m,Extraído de Livro dos Nomes,0
Armina,"Har imann, guerr eira",Teutônico,Extraído de Livro dos Nomes,0
Arminda,Doc e,Germ ânica,Extraído de Livro dos Nomes,0
Armind o,"Har imann, ho mem de g uerra",Teutônico,Extraído de Livro dos Nomes,0
Armíni o,"Forte, poderoso. Nome de u m heró i germânico, uma",Ger mânico,Extraído de Livro dos Nomes,0
Arnaud,Arna ldo,Francês,Extraído de Livro dos Nomes,0
Arnóbio,Vida de C ordeiro,Grego,Extraído de Livro dos Nomes,0
Arnold,Arnaldo,"Ing lês, alemã",Extraído de Livro dos Nomes,0
Arnoldo,"Arwald, forte co mo u ma á guia",Teutôn ico,Extraído de Livro dos Nomes,0
Arnolfo,Combatente co m a cora gem da águ ia e do lob o,teutôn ico,Extraído de Livro dos Nomes,0
Arnon,"Topôn imo, Armôn, rio que d eságu a no Mar Morto",Hebraic o,Extraído de Livro dos Nomes,0
Arns,Mais usad o como sobren ome,Ger mânico,Extraído de Livro dos Nomes,0
Arnulfo,"Hari + wald (exército + comandar), o co mandante, o chefe",Ger mânico,Extraído de Livro dos Nomes,0
Aron,Luz ou il uminado,Hebr aico,Extraído de Livro dos Nomes,0
Arouche,"Procede nte de Arouche, Andaluzia",Espan hol,Extraído de Livro dos Nomes,0
Arquelau,"Guia, chefe do povo, governador do p ovo",Grego,Extraído de Livro dos Nomes,0
Arquias,"Governo, mando",Grego,Extraído de Livro dos Nomes,0
Arquibald o,"Erch an-bo ld, sagrad o, nobre e ousad o",An glo-franc o-ale mão,Extraído de Livro dos Nomes,0
Arquimede s,O  que pens a muito. Nome de um  dos ma is cél ebres,Grego,Extraído de Livro dos Nomes,0
Arrais,Ch efe de embarcaç ão,Português,Extraído de Livro dos Nomes,0
Arriaga,"Pedras enxutas,  pedras estreitas",Basco,Extraído de Livro dos Nomes,0
Arrieta,"Pedreg al, pedreira",Basco,Extraído de Livro dos Nomes,0
Arrigo,Variação de He nrique,Italiano,Extraído de Livro dos Nomes,0
Arriola,"Lugar d e pedras, oficin a de pedras",Basco,Extraído de Livro dos Nomes,0
Arroyo,Arroio,Esp anho l,Extraído de Livro dos Nomes,0
Arruda,"Nome de pl anta, lugar on de há arru da",Portug uês,Extraído de Livro dos Nomes,0
Arsênio,"Forte, viril",Grego,Extraído de Livro dos Nomes,0
Arsinoé,De forte  caráter. Nome de pr incesas egípc ias,Grego,Extraído de Livro dos Nomes,0
Arsíone,"Arsin oé, Arsínoos, espírito, ânimo varonil",Grego,Extraído de Livro dos Nomes,0
Artaxerxer,"Artahs hasa, que rei na com  justiça, que te m arte",Iran iano,Extraído de Livro dos Nomes,0
Artemidoro,"Presente de Artemis, deusa da mi tologia",Grego,Extraído de Livro dos Nomes,0
Ártemis,"Frescor , saúde, sad ia. Irmã de Apolo e fil ha de Zeus. Deusa",Grego,Extraído de Livro dos Nomes,0
Artemis a,Perfeita. No me de ra inhas,Grego,Extraído de Livro dos Nomes,0
Artigas,"Ártiga, Órtiga, castiga da, ensinada, para o basco si gnific a",Ger mânico,Extraído de Livro dos Nomes,0
Artur,"Arth-w r, o no bre, o generos o",Celta,Extraído de Livro dos Nomes,0
Arturo,Artur,Itali ano,Extraído de Livro dos Nomes,0
Aruana,"Jeitoso, hábil",Tupi,Extraído de Livro dos Nomes,0
Asael,Deus fez,Hebraic o,Extraído de Livro dos Nomes,0
Asariel,"Meu Deus li ga, meu Deus luta",Hebraic o,Extraído de Livro dos Nomes,0
Ascânio,"Campo flor ido. Planície n a Frígia. Ascânio, na m itologia, é",Grego,Extraído de Livro dos Nomes,0
Ascári,Sen hor de frei xo,Germ ânico,Extraído de Livro dos Nomes,0
Ascendi no,"Que sobe, que se e leva",Latim,Extraído de Livro dos Nomes,0
Ascenso,"Aquele que sub iu, que se elevou",Latim,Extraído de Livro dos Nomes,0
Asdrúbal,O auxiliar de Baa l,Púnic o,Extraído de Livro dos Nomes,0
Asélia,Ju menti nha,Latim,Extraído de Livro dos Nomes,0
Aselma,Divina proteç ão,Germ ânico,Extraído de Livro dos Nomes,0
Aser,Tesouro. Um dos doze filhos d e Jacó,Hebr aico,Extraído de Livro dos Nomes,0
Asileu,Deus qu e presidia ao refúgi o que Rô mulo abr ira em  Roma. Seu,Lati m,Extraído de Livro dos Nomes,0
Aspásia,"A carin hosa, aqu ela qu e recebe co m ternura",Grego,Extraído de Livro dos Nomes,0
Assad,Mais feliz,Ára be,Extraído de Livro dos Nomes,0
Assis,"Proc edente de Assis na Itália. No me d e origem religiosa, São",Latim,Extraído de Livro dos Nomes,0
Assuero,"X erxes , form a persa dess e nome greg o, famoso rei d a Pérsia",Grego,Extraído de Livro dos Nomes,0
Assunção,"Nome de m ulher, por inf luênc ia da Assunção de Maria,",Portug uês,Extraído de Livro dos Nomes,0
Assunta,"Sub ida, elevada",Latim,Extraído de Livro dos Nomes,0
Assurbaní pal,O  deus Asur de u um filho,Assírio,Extraído de Livro dos Nomes,0
Astéria,Brilhante como um astro,Grego,Extraído de Livro dos Nomes,0
Astério,Bril hante co mo u m astro,Grego,Extraído de Livro dos Nomes,0
Astolf o,"Lob o combatente, aquele que co mbate como lobo",Teutônico,Extraído de Livro dos Nomes,0
Astor,U ma ave  de rapina,Francês,Extraído de Livro dos Nomes,0
Astride,"Amazon a de lança, amazona proteg ida por d euses. Nome de",Su eco,Extraído de Livro dos Nomes,0
Astrogi ldo,Brilhante e digno d e sacrifício,Teutôn ico,Extraído de Livro dos Nomes,0
Ataíde,Pai l uta. Derivado do germânico Athanagild,Português,Extraído de Livro dos Nomes,0
Átala,Ternura,Grego,Extraído de Livro dos Nomes,0
Atalanta,"Pod eroso suporte. Fem inino de Atlas, o her ói que carr egou o",Grego,Extraído de Livro dos Nomes,0
Atália,"Elevado a Javé ou a bri lhante. Form osa rain ha de Jud á, filha",Hebr aico,Extraído de Livro dos Nomes,0
Ataliba,"Ave de fel icidade. Forma si mplificada do no me Atabal iba,",Quíchua,Extraído de Livro dos Nomes,0
Átalo,"Alegre, divertid o",Grego,Extraído de Livro dos Nomes,0
Atanagi ldo,V aloroso,Germ ânico,Extraído de Livro dos Nomes,0
Atanásia,Im ortal,Grego,Extraído de Livro dos Nomes,0
Atanásio,"Aquele qu e não mo rre, o imortal",Grego,Extraído de Livro dos Nomes,0
Ataualpa,"Atahua lpa, a ve da fel icidade, o galo",Quíchua,Extraído de Livro dos Nomes,0
Ataúlf o,"No bre como o lobo, nobre guerr eiro",Teutônico,Extraído de Livro dos Nomes,0
Atibaia,Ave sadi a. Nome de cida de de São Pau lo,Tupi,Extraído de Livro dos Nomes,0
Átila,"Atta, pai, peq ueno p ai",Gótico,Extraído de Livro dos Nomes,0
Atlas,"Lavar , carregar , sustentador",Grego,Extraído de Livro dos Nomes,0
Atos,"Intacto, ileso, incólume, livre.  Nome de um  dos Três",Grego,Extraído de Livro dos Nomes,0
Atreu,"Que nad a teme, mi tológico",Grego,Extraído de Livro dos Nomes,0
Augusta,"Nobre, gl orificad a",Lati m,Extraído de Livro dos Nomes,0
Augustin ho,"Glorificad o, nobre. Gran de doutor de Igre ja",Lati m,Extraído de Livro dos Nomes,0
Augusto,"Augustus,  dignidade m agestática,  sagrado, sub lime",Lati m,Extraído de Livro dos Nomes,0
Aulest e,"Re i dos Etruscos,  irmão de Ocno e fundad or de Perúsia, cid ade",Latim,Extraído de Livro dos Nomes,0
Aura,"Sopr o leve, perfum e. Ambiente espiritual qu e envolve cada",Latim,Extraído de Livro dos Nomes,0
Áurea,Feita ou coberta de our o,Lati m,Extraído de Livro dos Nomes,0
Aurélia,Dourada ou filh a do ouro. Deusa romana da m adrugad a,Lati m,Extraído de Livro dos Nomes,0
Aurelian o,Filh o do ouro,Latim,Extraído de Livro dos Nomes,0
Aurélio,"Úsi l, sol",Etrusco,Extraído de Livro dos Nomes,0
Aurora,"O  romper do dia, ma drugada q ue anu ncia novo dia",Latim,Extraído de Livro dos Nomes,0
Auspício,"Augúrio, pro messa",Lati m,Extraído de Livro dos Nomes,0
Aust ragésilo,"Austr + gisa l, brilhante + refé m",Germ ânico,Extraído de Livro dos Nomes,0
Auto,"Auctus,  aumentad o, acresc ido",Latim,Extraído de Livro dos Nomes,0
Autodemonte,"Autode monte, do gre go Automédon: autós: própr io, e",Latim,Extraído de Livro dos Nomes,0
Autódico,"Autód ikos, que te m juris dição própria, indepe ndente",Grego,Extraído de Livro dos Nomes,0
Autólico,"Autol ycus, do gr ego Autólykos: autós: própr io, lykos: lobos ,",Lati m,Extraído de Livro dos Nomes,0
Avaré,Homem am igo,Tupi,Extraído de Livro dos Nomes,0
Avatí,Herói de um mito indígen a,Guara ni,Extraído de Livro dos Nomes,0
Avelin o,No me de cidade italiana,Latim,Extraído de Livro dos Nomes,0
Aviano,"Avinus, nome de um  fabul ista latino",Lati m,Extraído de Livro dos Nomes,0
Avito,"Avitus, de avô, que vem do avô ou dos ante passad os",Lati m,Extraído de Livro dos Nomes,0
Áxel,"Espada, defensor p oderos o",Esca ndinavo,Extraído de Livro dos Nomes,0
Ayacá,"Cesto de vime, taquara",Tupi,Extraído de Livro dos Nomes,0
Ayala,Sen hores de Bisc aia,Esp anho l,Extraído de Livro dos Nomes,0
Ayoacy,"Jovem, mo ça, rapari ga",Tupi,Extraído de Livro dos Nomes,0
Ayra,"Sobr inho, filh o do irmão",Tupi,Extraído de Livro dos Nomes,0
Ayrosa,Ai-rosa,Espan hol,Extraído de Livro dos Nomes,0
Ayssó,"Belo, form oso, lindo",Tupi,Extraído de Livro dos Nomes,0
Azael,Deus v iu,Hebraic o,Extraído de Livro dos Nomes,0
Azaiel,M inha força é D eus,Hebr aico,Extraído de Livro dos Nomes,0
Azair,Ricco,Hebraic o,Extraído de Livro dos Nomes,0
Azaléia,"Azálea, seca. Flor que nasc e na terra seca",Grego,Extraído de Livro dos Nomes,0
Azarias,Aquele q ue o Senhor a judou,Hebr aico,Extraído de Livro dos Nomes,0
Ázem,"Reso luto, decidido",Árabe,Extraído de Livro dos Nomes,0
Azer,Auxílio,Hebr aico,Extraído de Livro dos Nomes,0
Azeredo,"Ázer e sufixo  edo, ou da Galiza, Aceredo. No me p ortuguês de",Ára be,Extraído de Livro dos Nomes,0
Azim,"Aziz, caro, estim ado, bem amado",Ára be,Extraído de Livro dos Nomes,0
Aziz,"Caro, esti mado, querid o",Árabe,Extraído de Livro dos Nomes,0
Azor,Ajudante,Hebraic o,Extraído de Livro dos Nomes,0
Bárbrio,"Babrius, do gre go Bábri os (ao lado de Babrias)",Lati m,Extraído de Livro dos Nomes,0
Bacela r,"De orig em portugues a, lugar ond e se planta m barc elos",Portug uês,Extraído de Livro dos Nomes,0
Bach,"Padeir o, morador da rib eira",Ger mânico,Extraído de Livro dos Nomes,0
Bachir,Alviçareiro,Ára be,Extraído de Livro dos Nomes,0
Bachmann,Morador ju nto à ribeira,Ger mânico,Extraído de Livro dos Nomes,0
Baco,"Bacch us, do gr ego Bákchos. Baco (e m gre go Dionísio, o deus de",Latim,Extraído de Livro dos Nomes,0
Bacuar a,"Sábio, ho mem de preparo, inte ligente",Tupi,Extraído de Livro dos Nomes,0
Badi,"Badi h, formoso",Árabe,Extraído de Livro dos Nomes,0
Bádui,"Beduíno, ho mem do deserto",Ára be,Extraído de Livro dos Nomes,0
Baena,"Proce dente de Bae na, Córdova na Espanh a",Esp anho l,Extraído de Livro dos Nomes,0
Baepeba,"O limpo, a clareira, a aberta",Tupi,Extraído de Livro dos Nomes,0
Baepend i,O que q ueres? Que cois a queres ?,Tupi,Extraído de Livro dos Nomes,0
Baeta,"Pan o de lã, algodão felp udo",Português,Extraído de Livro dos Nomes,0
Bagé,"Sozinh o, solidário",Tupi,Extraído de Livro dos Nomes,0
Bagófanes,"Bag opha nes, nome de um  persa",Latim,Extraído de Livro dos Nomes,0
Baiardo,Cabelos ruços,Francês,Extraído de Livro dos Nomes,0
Baio,"Baius, do greg o Baios, um dos companheiros de Ulisses",Lati m,Extraído de Livro dos Nomes,0
Baíra,Deus criador e civiliz ador,Tupi,Extraído de Livro dos Nomes,0
Balaão,"Bal aham, sem povo , estrangeiro",Hebreu,Extraído de Livro dos Nomes,0
Bálacro,"Bal acrus, nome de ho mem",Latim,Extraído de Livro dos Nomes,0
Balbílio,"Bal bilius, nome de ho mem",Latim,Extraído de Livro dos Nomes,0
Balbo,"Bal bus, de fala im compre ensível, aqu ele qu e balbucia",Latim,Extraído de Livro dos Nomes,0
Balboa,Vale bo m,Espan hol,Extraído de Livro dos Nomes,0
Balderico,"Baldér ic, depois Ba udry, do germânico: baldo: audaci oso,",Francês,Extraído de Livro dos Nomes,0
Baldin,Audac ioso,Italiano,Extraído de Livro dos Nomes,0
Baldomar,"Famoso, brilhante",Ger mânico,Extraído de Livro dos Nomes,0
Baldomero,"Ba ld: audaz, e me ro: famoso, brilahnte",Germ ânico,Extraído de Livro dos Nomes,0
Balduíno,"Bal dwin, amigo ousa do e protetor",Teutônico,Extraído de Livro dos Nomes,0
Baleeiro,Pescador de b aleias,Portug uês,Extraído de Livro dos Nomes,0
Bálio,"Bál ios, mosqueado  ou fogos o. Nome de u m dos cavalos de",Grego,Extraído de Livro dos Nomes,0
Baltar,"Balth ari, soldado audac ioso",Germ ânico,Extraído de Livro dos Nomes,0
Bambi,"Bambino, menino",Italiano,Extraído de Livro dos Nomes,0
Bambuí,Muito  corrente e sinuos o,Tupi,Extraído de Livro dos Nomes,0
Bandeira,Alcunha da da por Do n Afonso V ao gu erreir o Gonç alves,Portug uês,Extraído de Livro dos Nomes,0
Banôbal,"Ban o Ba'al, a quem Ba al escuta",Fenício,Extraído de Livro dos Nomes,0
Baptistela,Diminutivo de Batista,Itali ano,Extraído de Livro dos Nomes,0
Baquílides,"Bacch ylides, do grego Bakc hylides",Lati m,Extraído de Livro dos Nomes,0
Báquio,"Bacchius, do gre go Bákchi os",Lati m,Extraído de Livro dos Nomes,0
Báquis,"Bacchis, do greg o Bakchis, nome de m ulher",Lati m,Extraído de Livro dos Nomes,0
Baraquias,"Bar akiah, que Deus a benço ou",Hebraic o,Extraído de Livro dos Nomes,0
Barata,"Rixa, desavença. Usado como sobren ome",Itali ano,Extraído de Livro dos Nomes,0
Baraúna,Madeir a preta,Tupi,Extraído de Livro dos Nomes,0
Barbac ena,Aquele que tem  muita barba,Português,Extraído de Livro dos Nomes,0
Barbácio,"Barb atius,  nome de homem",Latim,Extraído de Livro dos Nomes,0
Barbalho,Barb a de alho,Português,Extraído de Livro dos Nomes,0
Bárbar a,"Estrange ira, estra nha, que ba lbucia, que gag ueja p or",Greco-l atino,Extraído de Livro dos Nomes,0
Bárbaro,"Barbarus, estrangeiro (que n ão é grego n em ro mano)",Lati m,Extraído de Livro dos Nomes,0
Barbe,Bárbara,Francês,Extraído de Livro dos Nomes,0
Barbosa,Lugar on de há mu itas árvores com b arba de bo de ou,Portug uês,Extraído de Livro dos Nomes,0
Barcas,"Fulg or, relâmpago, raio",Fenício,Extraído de Livro dos Nomes,0
Barcelos,Barca pequena. Sobre nome de famí lias bras ileiras e nome de,Lati m,Extraído de Livro dos Nomes,0
Bárea,"Bare a, sobr enome ro mano",Latim,Extraído de Livro dos Nomes,0
Bariri,"Água ag itada, água corr edeir a",Tupi,Extraído de Livro dos Nomes,0
Bark,Bênçã o,Árabe,Extraído de Livro dos Nomes,0
Barleta,Rec ipiente de águ a,Italiano,Extraído de Livro dos Nomes,0
Barnabé,"Bar nebu ah, filho da exaltação, filho da co nsolaç ão",Hebraic o,Extraído de Livro dos Nomes,0
Barrabás,"Bara bbas, este do hebraico que, por sua vez , tirou do siríaco",Grego,Extraído de Livro dos Nomes,0
Barreiros,Lugar de o nde se e xtrai barr o,Portug uês,Extraído de Livro dos Nomes,0
Barreto,Sobr enome usa do no Brasi l e deriva  do n ome de várias,Português,Extraído de Livro dos Nomes,0
Barry,"Lança, arpã o",Irla ndês,Extraído de Livro dos Nomes,0
Barros,"Sobr enome qu e proced e da família do solar d e Barros,  do",Português,Extraído de Livro dos Nomes,0
Barroso,"Lu gar onde h á muito barro, ou espi nhas no rosto",Português,Extraído de Livro dos Nomes,0
Barsine,"Barsi ne, nome de mu lher persa",Grego,Extraído de Livro dos Nomes,0
Bartimeu,Filh o de Timeu,Aram aico,Extraído de Livro dos Nomes,0
Bartira,"Flor . Nome da filha d e Tibiriçá, cacique guainá, casada co m Joã o",Tupi,Extraído de Livro dos Nomes,0
Bartinik,Colmeeiro,Polo nês,Extraído de Livro dos Nomes,0
Bartolo,Adaptaç ão de Bartolo meu,"Italiano, espanho l",Extraído de Livro dos Nomes,0
Bartolomeu,"Bar-T almai, filho fos sulcos",Hebr aico,Extraído de Livro dos Nomes,0
Baruc,"O  abençoa do, o bendito",Hebr aico,Extraído de Livro dos Nomes,0
Baruel,"Bar wel, fabricante de pe neiras, pa diola","Francês, in glês",Extraído de Livro dos Nomes,0
Basileu,"Basileus, rei",Grego,Extraído de Livro dos Nomes,0
Basilia no,Ch eio de re aleza,Grego,Extraído de Livro dos Nomes,0
Basílic o,"Basi likós, real",Grego,Extraído de Livro dos Nomes,0
Basilina,Sob erana,Grego,Extraído de Livro dos Nomes,0
Basílio,"Basi leous, régio, real",Grego-l atino,Extraído de Livro dos Nomes,0
Basilissa,Ra inha,Grego,Extraído de Livro dos Nomes,0
Bassiano,"Bassi anus, do greg o Bassian ós, um dos epítetos de",Latim,Extraído de Livro dos Nomes,0
Basso,"Bassus, sobre nome rom ano",Latim,Extraído de Livro dos Nomes,0
Bastos,Nome de u m lugar habitado por mu ita ge nte da família,Portug uês,Extraído de Livro dos Nomes,0
Batalha,"Guerr a, batalha",Portug uês,Extraído de Livro dos Nomes,0
Batilde,Boa filha,Angl o-saxônico,Extraído de Livro dos Nomes,0
Batilo,"Bath yllus, do grego Báth yllos, provavelm ente da ra iz bath, que dá",Latim,Extraído de Livro dos Nomes,0
Bástis o u Bátide,"Battis,  mulher de Cós, can atada pel o poeta Filetas",Latim,Extraído de Livro dos Nomes,0
Batista,"Baptista, batiza dor, aquele de b atiza. Sobreno me de São João",Grego,Extraído de Livro dos Nomes,0
Bato,"Battus, do greg o Báttos, fala co nfusa",Lati m,Extraído de Livro dos Nomes,0
Batuel,Ho mem de D eus,Hebr aico,Extraído de Livro dos Nomes,0
Bauer,Lavrador,Germ ânico,Extraído de Livro dos Nomes,0
Baur,Lavrador,Ger mânico,Extraído de Livro dos Nomes,0
Bauru,Cesto d e frutas,Tupi,Extraído de Livro dos Nomes,0
Bávio,"Bavius, mau poeta, ini migo de V irgílio e de H oráci o",Lati m,Extraído de Livro dos Nomes,0
Bayer,Vindo da Baviera,Ger mânico,Extraído de Livro dos Nomes,0
Beata,"Beata,  feminino de b eatus,  feliz, bem-aventurado",Lati m,Extraído de Livro dos Nomes,0
Beato,"Beatus, feliz, bem-aventurado",Latim,Extraído de Livro dos Nomes,0
Beatriz,"Beatrix, aquela que faz os outros felizes",Lati m,Extraído de Livro dos Nomes,0
Bebian o,"No me masculino de Viviana, fada das le ndas eur opéias",Latim,Extraído de Livro dos Nomes,0
Bébio,"Baebius, nome de famí lia ro mana, freqüente mente citada na",Latim,Extraído de Livro dos Nomes,0
Becker,Padeiro,Ger mânico,Extraído de Livro dos Nomes,0
Beckmann,Homem da padaria,Germ ânico,Extraído de Livro dos Nomes,0
Beethoven,O do qu intal das beterrabas,Holandês,Extraído de Livro dos Nomes,0
Bela,"Bel la, linda.Diminutivo de Isabe la., Isabe l",Latim,Extraído de Livro dos Nomes,0
Belami,"Bel-amy, belo a migo. Grafia franc esa Bellamy",Gál ico,Extraído de Livro dos Nomes,0
Belarmino,"Belo Armino. Feminino: Belar mina, Belar minda",Italiano,Extraído de Livro dos Nomes,0
Belchi or,"Corrupte la de M elquior , Belquior",Lati m,Extraído de Livro dos Nomes,0
Beleno,Sol ou Apolo. Da mitologia,Escand inavo,Extraído de Livro dos Nomes,0
Belfort,Bela fortaleza,Francês,Extraído de Livro dos Nomes,0
Belien o,"Bel lienus, nome de homem",Latim,Extraído de Livro dos Nomes,0
Belina,"Persona gem de Molière, feminino de Belin, carn eirinho",Francês,Extraído de Livro dos Nomes,0
Belisário,"Arremess ador de dar dos, guerre iro",Grego,Extraído de Livro dos Nomes,0
Belito,"Bel litus, de bellus, bonito, encantador , elegante",Latim,Extraído de Livro dos Nomes,0
Bellamy,Bo m am igo,Latim,Extraído de Livro dos Nomes,0
Belmira,Que tem be la visão,Espan hol,Extraído de Livro dos Nomes,0
Belmiro,"Afam ado, il ustre",Teutôn ico,Extraído de Livro dos Nomes,0
Belmonte,Bel o monte,Português,Extraído de Livro dos Nomes,0
Belo,"Bellus, li ndo, bon ito, nome masculino",Lati m,Extraído de Livro dos Nomes,0
Belquis(se),"Balk is, Belk is, derivado de Belka, cid ade e pla nalto da",Árabe,Extraído de Livro dos Nomes,0
Beltrão,"Beorhthra m, negro e br ilhante, o corvo  brilhante",An glo-saxão,Extraído de Livro dos Nomes,0
Belmiry,"A carre ira, corrida",Tupi,Extraído de Livro dos Nomes,0
Ben,"Ben, filho. Diminutivo  de Benjamin e de Bene dito",Hebr aico,Extraído de Livro dos Nomes,0
Benedit o,"Ben edictus, abenç oado, lo uvado",Latim,Extraído de Livro dos Nomes,0
Benevenuta,"Benevenuta,  benvinda",Itali ano,Extraído de Livro dos Nomes,0
Benevenuto,Bem vindo,Italiano,Extraído de Livro dos Nomes,0
Benevides,"Abdb en, filho de escravo.  De origem esp anho la da",Ára be,Extraído de Livro dos Nomes,0
Benévola,A que d eseja b em a o utrem,Latim,Extraído de Livro dos Nomes,0
Ben-Hur,"Ben Hur, filho de Hur",Hebraic o,Extraído de Livro dos Nomes,0
Beni,"Béni (ao la do de Ben y e Bén it), abençoado",Francês,Extraído de Livro dos Nomes,0
Beniamin o,Variaçã o de Benjamin,Itali ano,Extraído de Livro dos Nomes,0
Benícia,Muito bondoso,Lati m,Extraído de Livro dos Nomes,0
Beníci o,O  que vai be m,Latim,Extraído de Livro dos Nomes,0
Benigna,"Bon dosa, gentil, grac iosa",Latim,Extraído de Livro dos Nomes,0
Benita,"Ben dita, abenço ada",Italiano,Extraído de Livro dos Nomes,0
Benjamin  ou Benjamim,"Bin yamin, filho da m ão di reita, filho da",Hebr aico,Extraído de Livro dos Nomes,0
Bennato,Bem n ascido,Lati m,Extraído de Livro dos Nomes,0
Beno,Filho d e uma família nobre d a Saxônic a. Padr oeiro da Baviera e,Sa xão,Extraído de Livro dos Nomes,0
Benoit,"Benoni, filh o de minhas tristezas",Hebraic o,Extraído de Livro dos Nomes,0
Bensabat,Nascido n o sábad o,Hebraic o,Extraído de Livro dos Nomes,0
Benta,Abenço ada,Latim,Extraído de Livro dos Nomes,0
Beraldo,O do mador de urso,Teutôn ico,Extraído de Livro dos Nomes,0
Beramim,Parecer,Guara ni,Extraído de Livro dos Nomes,0
Berdine,"Brilhante, vitoriosa",Teutôn ico,Extraído de Livro dos Nomes,0
Berenice,"Benen ike, portadora d e vitória",Grego,Extraído de Livro dos Nomes,0
Berghman,"Mineir o, homem que trabal ha nas m inas, montan hês",Ger mânico,Extraído de Livro dos Nomes,0
Berilo,"Beryllos,  a jóia verde do m ar",Grego,Extraído de Livro dos Nomes,0
Bermondo,"Bermond, do ger mânico: ber: urso, e mu nd: proteção",Francês,Extraído de Livro dos Nomes,0
Bermudes,"Desc ende ntes de Cristóvão  Bermudes, que serviu a",Português,Extraído de Livro dos Nomes,0
Bernadete,"Bernad ette, diminutivo de Bern arda",Francês,Extraído de Livro dos Nomes,0
Bernard,Variaçã o de Bernard o,"Inglês, francês",Extraído de Livro dos Nomes,0
Bernarde s,Filho de Bern ardo ou d a família de Bernard o,Ger mânico,Extraído de Livro dos Nomes,0
Bernardo,"Beri nhard, bravo  como u m urso, forte como um urso, um",Teutônico,Extraído de Livro dos Nomes,0
Beroso,"Beros us, do gr ego Berosos, Beross os, histor iador b abilônico",Latim,Extraído de Livro dos Nomes,0
Bersabé,Filha do jur amento,Hebraic o,Extraído de Livro dos Nomes,0
Berta,"Perahta, brilhante,  glorioso",Teutôn ico,Extraído de Livro dos Nomes,0
Bertagnol i,Espécie d e bacalhau,Itali ano,Extraído de Livro dos Nomes,0
Bertário,"Berth o: brilhante, célebre, e harjis: exército",Germ ânico,Extraído de Livro dos Nomes,0
Bertilda,Guerre ira brilhante,Germ ânico,Extraído de Livro dos Nomes,0
Bertino,Belo,Teutôn ico,Extraído de Livro dos Nomes,0
Bertold o,"Bercht ald, governador br ilhante ou ilustre",Teutônico,Extraído de Livro dos Nomes,0
Bertolfo,"Berth o: brilhante, célebre, e wulf: lobo",Germ ânico,Extraído de Livro dos Nomes,0
Bertrando,"Bertrand, do ger mânico Ber ht-hramm: b erht: brilhante,",Francês,Extraído de Livro dos Nomes,0
Besse,For ma red uzida d e Elizabete,Ing lês,Extraído de Livro dos Nomes,0
Beta,Seg unda l etra do alfabeto gre go,"Grego, aramaico",Extraído de Livro dos Nomes,0
Betânia,Casa do pobr e,Hebraic o,Extraído de Livro dos Nomes,0
Betenfeld,Ca mpo de beterra bas,Germ ânico,Extraído de Livro dos Nomes,0
Beth,Cas a. Diminutivo de Elisa beth,Aram aico,Extraído de Livro dos Nomes,0
Betim,"Amarra, freio",Fla mengo,Extraído de Livro dos Nomes,0
Betsabé,M ãe de Sal omão,Hebr aico,Extraído de Livro dos Nomes,0
Beverli,Prado do castor,An glo-saxão,Extraído de Livro dos Nomes,0
Bezerra,"Alcun ha de bezerr o, novilho",Esp anho l,Extraído de Livro dos Nomes,0
Bianc a,"Bra nca, alva","Ger mânico, latim",Extraído de Livro dos Nomes,0
Bianor,Homem violento,Grego,Extraído de Livro dos Nomes,0
Bião,"Bione, do gre go Bión, no me d e homem",Lati m,Extraído de Livro dos Nomes,0
Biara,"Presa d e caça, de guerra",Tupi,Extraído de Livro dos Nomes,0
Bias,"Força, potênci a. Um dos sete sáb ios da Grécia, céle bre pel o seu",Grego,Extraído de Livro dos Nomes,0
Bibáculo,Bibacu lus. Era sobreno me das famílias Furius e Se xtius,Lati m,Extraído de Livro dos Nomes,0
Bebério,"Biberius, apelido irôn ico dad o ao imperador Tibério, por caus a",Lati m,Extraído de Livro dos Nomes,0
Bíbula,"Bibula, feminino de Bíbu lo",Lati m,Extraído de Livro dos Nomes,0
Bíbul o,"Bib ulus, de bi bulus, que beb e bem, qu e é bom bebedor",Latim,Extraído de Livro dos Nomes,0
Bicha ra,"Alvíssima, boa-nova",Ára be,Extraído de Livro dos Nomes,0
Bionda,"Bionda, loura",Italiano,Extraído de Livro dos Nomes,0
Birigui,Mosquito,Tupi,Extraído de Livro dos Nomes,0
Bismarck,Fronte ira do bis pado,Ger mânico,Extraído de Livro dos Nomes,0
Bispo,"Epi + scopé o, aquele que supp ervisiona, supervisor",Grego,Extraído de Livro dos Nomes,0
Bitão,"Bitone, do greg o Bíton. Biíton era irmão de Cl éobis e filho de",Lati m,Extraído de Livro dos Nomes,0
Bitencourt,"Bethenco urt, terreno das ac elgas",Nor mando,Extraído de Livro dos Nomes,0
Bítias,"Methiah, homem de Deus",Fenício,Extraído de Livro dos Nomes,0
Bito,Bito,Grego,Extraído de Livro dos Nomes,0
"Bituíto , Bitu ito","Bituitus, rei dos avernos",Latim,Extraído de Livro dos Nomes,0
Bizas,"B yzas, do greg o Byzas",Latim,Extraído de Livro dos Nomes,0
Blanc k,"Bra nco, brilhante","Ger mânico, inglês",Extraído de Livro dos Nomes,0
Blanda,"Agra dável, cari nhosa, am ável",Lati m,Extraído de Livro dos Nomes,0
Blandícia,"Meiguice, can dura",Latim,Extraído de Livro dos Nomes,0
Blandina,"Afável, cari nhosa",Lati m,Extraído de Livro dos Nomes,0
Blandino,"Afável, carinhoso",Latim,Extraído de Livro dos Nomes,0
Blando,"Blandus, brando, carinhos o, meigo",Lati m,Extraído de Livro dos Nomes,0
"Blásio, Brásio","Blas ius, nome do chefe dos Sa lapinos",Latim,Extraído de Livro dos Nomes,0
Blenda,"Enca ntadora, glor iosa",Germ ânico,Extraído de Livro dos Nomes,0
Bleso,"Blaesus, do gre go Blais os, este do a djetivo  blaisós, d e pés",Lati m,Extraído de Livro dos Nomes,0
Bloch,Estrang eiro,Hebraic o,Extraído de Livro dos Nomes,0
Bloem,Flor,Hol andês,Extraído de Livro dos Nomes,0
Blumenau,Campina florida,Teutôn ico,Extraído de Livro dos Nomes,0
Boabdil,"Abu'Abd Allah, pai de Abda la, pai do servo de Deus",Árabe,Extraído de Livro dos Nomes,0
Boadcéia,"Bou dicea, do céltic o Bodicca, vitória",Latim,Extraído de Livro dos Nomes,0
Boamorte,Orige m rel igiosa. N. Sra. da Boa Mor te,Português,Extraído de Livro dos Nomes,0
Boanerges,Filhos de Zebed eu: Tiago e João; filho do tro vão,Ara meu,Extraído de Livro dos Nomes,0
Boaventura,Boa sorte,"Latim, ital iano",Extraído de Livro dos Nomes,0
Bocácio,"Boccac io, aumentativo  de bocca, boca",Italiano,Extraído de Livro dos Nomes,0
Bocage,"Boca ge, bosquezinho. No me d e uma região da Normandia",Francês,Extraído de Livro dos Nomes,0
Bocaina,"Sobr enome, depr essão nu ma serr a",Tupi,Extraído de Livro dos Nomes,0
Bocaiúva,Palmeira,Tupi,Extraído de Livro dos Nomes,0
Bócar,"Boccar , nome d e African o",Lati m,Extraído de Livro dos Nomes,0
Boccacio,"Bocarra, de boca gr ande",Itali ano,Extraído de Livro dos Nomes,0
Bocco,"Bocchus e o greco Bókch os, do feníci o Mokh,  sínco pe de mo lek,",Lati m,Extraído de Livro dos Nomes,0
Bocóris,"Bocchoris, rei do Eg ito",Lati m,Extraído de Livro dos Nomes,0
Boécio,"Boethius, de roi gem grega: bó ethos,  derivado de boethós",Lati m,Extraído de Livro dos Nomes,0
Bogdã,Presente de De us,Esl avo,Extraído de Livro dos Nomes,0
Boges,"Bóges, nome de u ma pers a",Grego,Extraído de Livro dos Nomes,0
Bogumil,"O que ama (mil) a De us (Bogu), amado de D eus",Eslavo,Extraído de Livro dos Nomes,0
Boguslau,"Sl au: glória, Bogu: de Deus. Variação Bog uslavo,",Eslavo,Extraído de Livro dos Nomes,0
Bohn,"Que l ida co m feij ão, fava",Ger mânico,Extraído de Livro dos Nomes,0
Boiardo,"Hard: forte,  bogo: como arco",Ger mânico,Extraído de Livro dos Nomes,0
Bolano,"Bolanus, nome de homem",Lati m,Extraído de Livro dos Nomes,0
Boleslau,"Slau: gl ória, bol e: maior, ou glória m ais forte",Esl avo,Extraído de Livro dos Nomes,0
Bolívar,Moin ho da ribe ira,Espan hol,Extraído de Livro dos Nomes,0
Bomílcar,"Milkar , petição de Milcar",Fenício,Extraído de Livro dos Nomes,0
Bompeixe,O que vende bo m pe ixe,Portug uês,Extraído de Livro dos Nomes,0
Bona,Mensage iro,Céltic o,Extraído de Livro dos Nomes,0
Bonafide,Boa fé,Latim,Extraído de Livro dos Nomes,0
Bonami,Bom a migo,Francês,Extraído de Livro dos Nomes,0
Bonapart e,Boa parte,Itali ano,Extraído de Livro dos Nomes,0
Bonar,Bom,Lati m,Extraído de Livro dos Nomes,0
Bonelli,"O bondos o, o bo m",Italiano,Extraído de Livro dos Nomes,0
Bonfil ho,Bo m filho,Francês,Extraído de Livro dos Nomes,0
Bonfim,Senhor do Bo nfim. Orige m religiosa,Portug uês,Extraído de Livro dos Nomes,0
Bonifácia,Bo m sem blante,Latim,Extraído de Livro dos Nomes,0
Bonifácio,"Bonifaci us, aquele que faz o bem",Lati m,Extraído de Livro dos Nomes,0
Bonifante,Bom infante,Portug uês,Extraído de Livro dos Nomes,0
Bonil ha,Margar ida dos pra dos,Espan hol,Extraído de Livro dos Nomes,0
Bonjy,"Rio bar ulhento,  rumoroso",Tupi,Extraído de Livro dos Nomes,0
Bony,Di minutivo  de b onita(o),Inglês,Extraído de Livro dos Nomes,0
Booz,"Bíblic o Booz, de origem he braic a, alvoroço, grande al egria",Latim,Extraído de Livro dos Nomes,0
Borba,"Bor va: fontes,  nasc entes",Celta,Extraído de Livro dos Nomes,0
Borelli,"Do bore llo, al mofa da",Itali ano,Extraído de Livro dos Nomes,0
Borges,Proce dente de Bour ges,Francês,Extraído de Livro dos Nomes,0
Borghi,Do Borgo,Itali ano,Extraído de Livro dos Nomes,0
Bóris,"Bóris, batal hador , forte gu erreiro, que p ersegu e os tiranos",Eslavo,Extraído de Livro dos Nomes,0
Borístenes,"Bor ysthenes, do grego Bor ysthénes,  em qu e parece e ntrar",Latim,Extraído de Livro dos Nomes,0
Borja,"Desce ndentes do so lar de Borj a em Valença de Aragã o,",Espan hol,Extraído de Livro dos Nomes,0
Borromeu,Bom romeiro,Itali ano,Extraído de Livro dos Nomes,0
Boscardin i,Morador o u guarda d e bosqu e,Itali ano,Extraído de Livro dos Nomes,0
Bosco,Bosq ue,Italiano,Extraído de Livro dos Nomes,0
Boso,Comandante,Teutôn ico,Extraído de Livro dos Nomes,0
Botto,"Grosse iro, preguiçoso, que rep ele",Portug uês,Extraído de Livro dos Nomes,0
Botucatu,"Bons ar es, bom clima ou bom vento",Tupi,Extraído de Livro dos Nomes,0
Boudica,"Bou dicca, rainha dos Icenos",Latim,Extraído de Livro dos Nomes,0
Boyd,Loiro,Céltic o,Extraído de Livro dos Nomes,0
Boyrá,"Colar de contas, jó ias, coisa preci osa",Tupi,Extraído de Livro dos Nomes,0
Bragança,"Caste lo, fortal eza, monte. Sobr enome de fa mílias br asileiras",Celta,Extraído de Livro dos Nomes,0
Braham as,Filho de Abraã o. O mesmo que Abrahams,Ger mânico,Extraído de Livro dos Nomes,0
Brambila,Amora si lvestre,Itali ano,Extraído de Livro dos Nomes,0
Brancaflor,"Bla nchefle ur, branca flor",Francês,Extraído de Livro dos Nomes,0
Branco,"Blank, luminoso, brilhante",Ger mânico,Extraído de Livro dos Nomes,0
Brandão,Brend anus. O co mbate nte. Nome de um santo,"Germ ânico, celta",Extraído de Livro dos Nomes,0
Branderico,"Brand: espada e rik: chefe,  príncipe",Ger mânico,Extraído de Livro dos Nomes,0
Brando,Que tem br andur a,Português,Extraído de Livro dos Nomes,0
Branislau,Glóri a (slaw) da g uerra (bran),Eslavo,Extraído de Livro dos Nomes,0
Brás,"Tocha, tição.Italiano di aleta l Biagio",Germ ânico,Extraído de Livro dos Nomes,0
Brásilas,Brasílas,Grego,Extraído de Livro dos Nomes,0
Brasileira,Filh a do Brasil,Português,Extraído de Livro dos Nomes,0
Brasiliana,Filha do Bras il,Portug uês,Extraído de Livro dos Nomes,0
Brasilian o,Filho do Bras il,Portug uês,Extraído de Livro dos Nomes,0
Brasiliense,Natural d o Brasil,Portug uês,Extraído de Livro dos Nomes,0
Brasilina,Que diz resp eito ao Brasi l,Português,Extraído de Livro dos Nomes,0
Bráuli o,"Ra diante, resp landecente",Latim,Extraído de Livro dos Nomes,0
Brenda,Espad a ou brase iro,Teutônico,Extraído de Livro dos Nomes,0
Brener,"Carvoeiro, ol eiro, fabrica nte de cal, fabricante de",Germ ânico,Extraído de Livro dos Nomes,0
Brenna,Corvo,Ídic he,Extraído de Livro dos Nomes,0
Breno,"Dir igente, cabeç a, chefe",Gaulês,Extraído de Livro dos Nomes,0
Bretas,Rápido com o peixe,Portug uês,Extraído de Livro dos Nomes,0
Briana,Variação d e Brenna,Ídic he,Extraído de Livro dos Nomes,0
Brígida,"Guia, elevada, a sub lime, forte",Celta,Extraído de Livro dos Nomes,0
Brígido,"Gui a, pate nte",Céltic o,Extraído de Livro dos Nomes,0
Briseu,Brisé us. Pai de Briseis. Era sum o-sacer dote de Júp iter em,Grego,Extraído de Livro dos Nomes,0
Bríson,"Bryson, nome de homem",Grego,Extraído de Livro dos Nomes,0
Britald o,"Bret: bri, britânico, e weald: forte",Céltico,Extraído de Livro dos Nomes,0
Brites,Sensata,Angl o-saxão,Extraído de Livro dos Nomes,0
Brizola,Grisal ho,Italiano,Extraído de Livro dos Nomes,0
Brochado,"Fabricante ou n egoci ante de cântaros, v asos",Francês,Extraído de Livro dos Nomes,0
Brogítaro,"Brogitarus, genr o de Dejótaro,  rei da Galáci a (Ásia Menor)",Lati m,Extraído de Livro dos Nomes,0
Bronberg,Mon ta de a moras silvestres,Germ ânico,Extraído de Livro dos Nomes,0
Bronislav a,Predestina da à glór ia,Esl avo,Extraído de Livro dos Nomes,0
Brossa rd,Fabricante de esc ovas,Francês,Extraído de Livro dos Nomes,0
Brotto,"Bruto, feio",Italiano,Extraído de Livro dos Nomes,0
Brown,Moreno,Ing lês,Extraído de Livro dos Nomes,0
Bruce,"Procede nte de Braose, hoje Bri euse",Frnacês,Extraído de Livro dos Nomes,0
Bruna,"Escur o, pardo",Teutôn ico,Extraído de Livro dos Nomes,0
Brunilda,"Brun i-childis, guerre ira arm ada ou guerre ira com",Germ ânico,Extraído de Livro dos Nomes,0
Bruno,"Escuro, pard o",Teutônico,Extraído de Livro dos Nomes,0
Brunsw ick,Lug ar escuro,Inglês,Extraído de Livro dos Nomes,0
Brunulda,A que combate proteg ida por u ma co uraça,Teutôn ico,Extraído de Livro dos Nomes,0
Bruto,"Brutus - Pesa dão, molerão, bronco, acanh ado",Lati m,Extraído de Livro dos Nomes,0
Buda,"Budd hás, o esperto,  o desperto",Sânscrito,Extraído de Livro dos Nomes,0
Budant,"Alcunh a de pesso a gorda, fabrica nte ou vende dor de frios",Francês,Extraído de Livro dos Nomes,0
Budeu,"Bud é, nome de um célebre humanista (1 467-1 540)",Francês,Extraído de Livro dos Nomes,0
Bueno,Bom,Esp anho l,Extraído de Livro dos Nomes,0
Bulbáquer,"Abú bakr , pai da menina (virgem)",Ára be,Extraído de Livro dos Nomes,0
Bulhões,"Sobr enome de fa mílias br asileiras, deriva da cidade de",Francês,Extraído de Livro dos Nomes,0
Búpalo,"Bupalus, célebre escu ltor grego, de Quil os",Lati m,Extraído de Livro dos Nomes,0
Burcardo,"Burkhard: burk, burgo, hard, forte",Ger mânico,Extraído de Livro dos Nomes,0
Burchardo,"Burch ard, o mesmo q ue Burcard o",Ale mão,Extraído de Livro dos Nomes,0
Burgos,"Vindo de Burgos, cida de espa nhola. Árvore da vida, na",Espan hol,Extraído de Livro dos Nomes,0
Buriti,"Nome de u ma p almeira, coqueiro",Tupi,Extraído de Livro dos Nomes,0
Burnier,Morador e m cab ana de pastor,Francês,Extraído de Livro dos Nomes,0
Burton,"Burhton, habitante d e cidade fortifica da",An glo-saxão,Extraído de Livro dos Nomes,0
Busíris,"Busiris, do greg o Bousir is. Nome de um rei len dário d o Egito, e",Lati m,Extraído de Livro dos Nomes,0
Busmeyer,Barque iro de pesca,Ger mânico,Extraído de Livro dos Nomes,0
Bust amante,Procede d e Juan Sánch ez de Bustam ante,Espan hol,Extraído de Livro dos Nomes,0
Bute s,"Butes, nome de ho mem",Latim,Extraído de Livro dos Nomes,0
Byuron,V aqueiro,Angl o-saxão,Extraído de Livro dos Nomes,0
Caápuã,"Capão de mat o, morador do ma to",Tupi,Extraído de Livro dos Nomes,0
Caapotyraguá,"Flor do vale, da ma ta",Tupi,Extraído de Livro dos Nomes,0
Caássyca,"Nome de uma pla nta resinosa, oleosa",Tupi,Extraído de Livro dos Nomes,0
Caátia,Planta qu e segrega u m suco l ácteo,Tupi,Extraído de Livro dos Nomes,0
Cabayba,"Vespa ruim, venenos a",Tupi,Extraído de Livro dos Nomes,0
Cabral,Lugar on de há cabr as,Portug uês,Extraído de Livro dos Nomes,0
Cabreira,Topônimo de Galiza,Português,Extraído de Livro dos Nomes,0
Cabuçu,Vespa gra nde,Tupi,Extraído de Livro dos Nomes,0
Caçapav a,Travessia do mat o,Tupi,Extraído de Livro dos Nomes,0
Cáceres,"Castris, acampamento militar",Lati m,Extraído de Livro dos Nomes,0
Cacilda,"Gail + hi lt, lanç a de combate",Germ ânico,Extraído de Livro dos Nomes,0
Caco,"Cac us, do gr ego Kakos, de kaío, queimar",Latim,Extraído de Livro dos Nomes,0
Caetano,"Gaetanum , natural de Gaeta",Itali ano,Extraído de Livro dos Nomes,0
Caeté,Mata verdadeira,Tupi,Extraído de Livro dos Nomes,0
Caetet é,"Mata verdade ira, mata m uito densa",Tupi,Extraído de Livro dos Nomes,0
Cahy,Macaco,Tupi,Extraído de Livro dos Nomes,0
Caia,"Ca ia, nome de mu lher",Latim,Extraído de Livro dos Nomes,0
Caiado,"Usar tinturas p ara parec er alvo, caiar o rosto",Português,Extraído de Livro dos Nomes,0
Caiçuara,"O que am a, o amante",Tupi,Extraído de Livro dos Nomes,0
Caifás,"Kaifá, baixeza, hu milhação",Sir o-cald aico,Extraído de Livro dos Nomes,0
Caim,"Cain, adq uirido, possuído. Primeiro fil ho de Adão e E va e que",Hebraic o,Extraído de Livro dos Nomes,0
Cainã,Morador do ma to,Tupi,Extraído de Livro dos Nomes,0
Cainana,"Mulher ado idada, enfurecid a",Tupi,Extraído de Livro dos Nomes,0
Caio,"Gaius, feliz, contente,  alegre",Lati m,Extraído de Livro dos Nomes,0
Cairé,"Auxiliar de Ru dá (Deus d o mar), lu a cheia",Tupi,Extraído de Livro dos Nomes,0
Cairu,Árvore d e folha escura,Tupi,Extraído de Livro dos Nomes,0
Caiuá,Morador do ma to,Tupi,Extraído de Livro dos Nomes,0
Caiubi,Folh as azuis,Tupi,Extraído de Livro dos Nomes,0
Cajary,Rio do cajá,Tupi,Extraído de Livro dos Nomes,0
Cajati,Árvore gr ande,Tupi,Extraído de Livro dos Nomes,0
Cajuru,"Boca d o mato, entrad a do mato",Tupi,Extraído de Livro dos Nomes,0
Calado,"Sil encioso, tacitur no",Português,Extraído de Livro dos Nomes,0
Calandra,A coto via,Grego,Extraído de Livro dos Nomes,0
Calanta,Form osa flor,Grego,Extraído de Livro dos Nomes,0
Calazanz,Abrig o santo,Esp anho l,Extraído de Livro dos Nomes,0
Caldas,Águ as termais,Latim,Extraído de Livro dos Nomes,0
Caldeira,"Caldereiro, traba lhar co m um a cal deira",Portug uês,Extraído de Livro dos Nomes,0
Caleb,Cão,Hebr aico,Extraído de Livro dos Nomes,0
Calhamar es,"Canhameiral, lugar on de há cânh amo",Portug uês,Extraído de Livro dos Nomes,0
Calheiros,O  que trabal ha com calha,Português,Extraído de Livro dos Nomes,0
Cali,"Kali, negra. Nome de um a deus a da Índia",Sânscrito,Extraído de Livro dos Nomes,0
Calidora,Dádiva formosa,Grego,Extraído de Livro dos Nomes,0
Calígula,"Borzegu im, boti na, sapato de mi litar",Lati m,Extraído de Livro dos Nomes,0
Calímaco,"Kal límachos, o que com bate be m, be lo combatente",Grego,Extraído de Livro dos Nomes,0
Calimero,"Kal límeros:  hemére a: dia, kálos: belo",Grego,Extraído de Livro dos Nomes,0
Calina,Espirituos a,Grego,Extraído de Livro dos Nomes,0
Calinico,"Callinicus, do grego Kal línikos: ka lós: belo, nike: vi tória",Lati m,Extraído de Livro dos Nomes,0
Calino,Espirituos o,Grego,Extraído de Livro dos Nomes,0
Calíope,Bon ita voz. Musa  da e loqüência e da poesia heróic a,Grego,Extraído de Livro dos Nomes,0
Calipso,"Kal ypsó, aquela que encobre. Nome da ni nfa que deteve",Grego,Extraído de Livro dos Nomes,0
Calistene,Bel eza e força,Grego,Extraído de Livro dos Nomes,0
Calístenes,"Força bel a, belo e forte",Grego,Extraído de Livro dos Nomes,0
Calisto,Homem muito be lo,Grego,Extraído de Livro dos Nomes,0
Calistrato,Que com anda,Grego,Extraído de Livro dos Nomes,0
Calixto,"Kalistos, belíssi mo",Grego,Extraído de Livro dos Nomes,0
Calógeras,O  que tem u ma b oa velhice,Grego,Extraído de Livro dos Nomes,0
Calógero,"Kols +  gheron, be lo velho",Grego,Extraído de Livro dos Nomes,0
Calpúrnio,"Calpurnius, nome de uma família rom ana",Lati m,Extraído de Livro dos Nomes,0
Calvin o,"Ca lvino, o calvo",Latim,Extraído de Livro dos Nomes,0
Cam,"Cha m, quente, por ex tensão, queimado pelo sol, negro",Hebr aico,Extraído de Livro dos Nomes,0
Camacho,Descend entes de um a famíl ia francesa q ue conqu istou,Esp anho l,Extraído de Livro dos Nomes,0
Camapuã,"Seio red ondo, em pinado, col ina arre dond ada em  form a de",Tupi,Extraído de Livro dos Nomes,0
Câmara,Homem da câ mara. Sobr enome de fa mílias br asileiras,Portug uês,Extraído de Livro dos Nomes,0
Camarão,Traduçã o do tupi Poti. Nome de u m crustáceo,Bras ileiro,Extraído de Livro dos Nomes,0
Cambaúba,Nome d eu ma árvore,Tupi,Extraído de Livro dos Nomes,0
Cambuci,Cas o de águ a,Tupi,Extraído de Livro dos Nomes,0
Cambuq uira,Planta brotada,Tupi,Extraído de Livro dos Nomes,0
Camby,"Líqu ido do pe ito, leite",Tupi,Extraído de Livro dos Nomes,0
Cambyç ara,"Ama, m ulher que a mamenta",Tupi,Extraído de Livro dos Nomes,0
Camélia,No me de uma flor,Latim,Extraído de Livro dos Nomes,0
Camila,"Ca milla, jovem  criada, atend ente de ceri monial",Latim,Extraído de Livro dos Nomes,0
Camilo,"De Ca milla, jovem aten dente de cer imônia",Lati m,Extraído de Livro dos Nomes,0
Caminha,Sobren ome que surg iu na Galícia,Espan hol,Extraído de Livro dos Nomes,0
Caminh oá,O peitinho liso,Tupi,Extraído de Livro dos Nomes,0
Camirim,"Folh inha, pl antinh a",Tupi,Extraído de Livro dos Nomes,0
Camocim,Vaso de á gua,Tupi,Extraído de Livro dos Nomes,0
Camões,"Camonius. Há ainda do gal ego Cá mos, ou ár abe Ca muesa,",Lati m,Extraído de Livro dos Nomes,0
Campelo,Campo,Lati m,Extraído de Livro dos Nomes,0
Campesina,Que v ive no ca mpo ou na zona rur al,Latim,Extraído de Livro dos Nomes,0
Campesino,Que vi ve no cam po ou n a zona rural,Lati m,Extraído de Livro dos Nomes,0
Campos,Ca mpos dos godos,Gótico,Extraído de Livro dos Nomes,0
Camury,"Peixe,  nome do roba lo",Tupi,Extraído de Livro dos Nomes,0
Canabarro,"Canabarro, vasilh a de beber vinho",Anti go portugu ês,Extraído de Livro dos Nomes,0
Canace,"Canac e, do gr ego Kan áke, filha de Éol o",Lati m,Extraído de Livro dos Nomes,0
Canará,Planta que se asse melha a cana,Tupi,Extraído de Livro dos Nomes,0
Cancian o,"Ca ntianus, der ivado de C antius",Latim,Extraído de Livro dos Nomes,0
Câncio,"Canto, encanto",Lati m,Extraído de Livro dos Nomes,0
Cândace,"Kan dáke, provavelm ente do etíope, pois é no me de uma",Grego,Extraído de Livro dos Nomes,0
Candal,Pedra,Lati m,Extraído de Livro dos Nomes,0
Candéa,"Perfeito,  limpo, bon ito",Tupi,Extraído de Livro dos Nomes,0
Cândida,Fem inino de Câ ndido,Latim,Extraído de Livro dos Nomes,0
Cândido,"Candidus, puro, inoc ente",Lati m,Extraído de Livro dos Nomes,0
Canedo,"Kanetu, tem perad o, prudente",Árabe,Extraído de Livro dos Nomes,0
Canet,Ca navial,Latim,Extraído de Livro dos Nomes,0
Canguçu,Cabelo gran de,Tupi,Extraído de Livro dos Nomes,0
Canídia,"Ca nidia, nome de um a feitice ira",Latim,Extraído de Livro dos Nomes,0
Canindé,Arara d e belas p enas azu is escuras,Tupi,Extraído de Livro dos Nomes,0
Cantidiano,"Cantid ianus, no me d e um mártir natur al do Egito",Lati m,Extraído de Livro dos Nomes,0
Cantídio,"Cantid ius, ou do etrusco Ca ntini, significado i gnora do. Santo",Lati m,Extraído de Livro dos Nomes,0
Cantílio,"Cantílius, secretári o de um  pontífice,  açoitado até mo rrer",Lati m,Extraído de Livro dos Nomes,0
Canut o,"Knutr, de raça, de descen dênc ia comprovada",Esca ndinavo,Extraído de Livro dos Nomes,0
Caoby,"Folh a azul, o anil",Tupi,Extraído de Livro dos Nomes,0
Capanema,"Mato que n áo presta, mato se m caça",Tupi,Extraído de Livro dos Nomes,0
Capela,Lugar in iciado por um a cap ela,Portug uês,Extraído de Livro dos Nomes,0
Capitolino,"Glorioso, do Ca pitólio",Lati m,Extraído de Livro dos Nomes,0
Capitu,"Caapitu, nome de um a pla nta da flora brasi leira. Perso nage m de",Tupi,Extraído de Livro dos Nomes,0
Capivari,Rio das ca pivaras,Tupi,Extraído de Livro dos Nomes,0
Capotyra,"Flor silvestre, flor do cam po, flor do mat o",Tupi,Extraído de Livro dos Nomes,0
Caput o,"Sabido, esperto",Itali ano,Extraído de Livro dos Nomes,0
Caraça,Aque le que tinh a uma cara gran de,Portug uês antig o,Extraído de Livro dos Nomes,0
Caracala,"Car acalla, de origem ga ulesa, manto com ca puz",Latim,Extraído de Livro dos Nomes,0
Caraguatá,Planta espinhosa qu e produz frutos amarelos em cac hos,Tupi,Extraído de Livro dos Nomes,0
Caraguatatuba,Mato de gravatás,Tupi,Extraído de Livro dos Nomes,0
Caraí,Espéc ie de ma cacos,Tupi,Extraído de Livro dos Nomes,0
Carampã,"Curvado, arcado",Guara ni,Extraído de Livro dos Nomes,0
Carayba,Anjo da guar da,Tupi,Extraído de Livro dos Nomes,0
Cardenas,"De cárde no, referente à planta cardo",Espan hol,Extraído de Livro dos Nomes,0
Cardim,"Jard im, horta",Latim,Extraído de Livro dos Nomes,0
Cardoso,Terreno abu ndante e m card os,Português,Extraído de Livro dos Nomes,0
Caribé,Alimento prep arado co m po lpa de a bacate,Tupi,Extraído de Livro dos Nomes,0
Caricléia,"Ch aríkleia, ilustre pe la sua graça",Grego,Extraído de Livro dos Nomes,0
Caridade,"Car itas, de si gnific ado liter al",Latim,Extraído de Livro dos Nomes,0
Carijó,Desc ende nte de branco,Tupi,Extraído de Livro dos Nomes,0
Carina,Querida,Itali ano,Extraído de Livro dos Nomes,0
Carinhan ha,Rio qu e corre rápi do,Tupi,Extraído de Livro dos Nomes,0
Carino,"Carinus, diminutivo de carus, querido, caro, estimado",Lati m,Extraído de Livro dos Nomes,0
Carioca,Casa de br anco,Tupi,Extraído de Livro dos Nomes,0
Carísio,"Charis ius, do greg o Charísios, que tem ou que dá graça",Lati m,Extraído de Livro dos Nomes,0
Cariri,"Pacífico, taciturn o",Tupi,Extraído de Livro dos Nomes,0
Cárita,Caridade,Lati m,Extraído de Livro dos Nomes,0
Caritina,"Caridade, graça",Grego,Extraído de Livro dos Nomes,0
Carlberg,M onte de Car los,Suíço,Extraído de Livro dos Nomes,0
Carlo,Variação de Ca rlos,Italiano,Extraído de Livro dos Nomes,0
Carlomano,"Karl: Carlos, e mann: homem",Ale mão,Extraído de Livro dos Nomes,0
Carlos,Kart;  fazen deiro,Teutônico,Extraído de Livro dos Nomes,0
Carlota,Ch arlotte,Francês,Extraído de Livro dos Nomes,0
Carloto,"Karlot,  nome do filho d e Carlos Magno",Francês,Extraído de Livro dos Nomes,0
Carma,Destino,Sâ nscrito,Extraído de Livro dos Nomes,0
Carmela,"Kar mel, jardim, jard im de Deus, jard im divino",Hebraic o,Extraído de Livro dos Nomes,0
Carmelo,"Karm el, jard im ou vinha de Deus",Hebr aico,Extraído de Livro dos Nomes,0
Carmem,Poema,Lati m,Extraído de Livro dos Nomes,0
Cármen,"Carmen, poe ma",Lati m,Extraído de Livro dos Nomes,0
Cármine,"Car mine, o mesmo que Car men",Italiano,Extraído de Livro dos Nomes,0
Carmo,"Karm el, vinha de Deus, jar dim de Deus. O  mesmo q ue",Hebr aico,Extraído de Livro dos Nomes,0
Carmona,Topônimo,Espan hol,Extraído de Livro dos Nomes,0
Carneiro,Primitivamente era alcunha,Portug uês,Extraído de Livro dos Nomes,0
Carnev ali,Nascido no carnaval,Itali ano,Extraído de Livro dos Nomes,0
Caro,Queri do,Latim,Extraído de Livro dos Nomes,0
Carola,"Carola, hi pocorístico de Car olina",Esp anho l,Extraído de Livro dos Nomes,0
Caron,Cabeça rasp ada,Italiano,Extraído de Livro dos Nomes,0
Carreiro,Que trabal ha ou faz carro,Português,Extraído de Livro dos Nomes,0
Carriel,Bolsa de co uro,Híspan o-am ericano,Extraído de Livro dos Nomes,0
Carrilho,Parte carnosa do rosto,Espan hol,Extraído de Livro dos Nomes,0
Caruana,"Na mitologia in dígena, gên io que h abitava  o fund o dos rios",Tupi,Extraído de Livro dos Nomes,0
Caruso,Cabeç a raspad a,Itali ano,Extraído de Livro dos Nomes,0
Carvajal,Lugar d e muitos carvalhos,Espan hol,Extraído de Livro dos Nomes,0
Carvalho,Árvore da famí lia das Fagác eas,"Esp anho l, portu guês",Extraído de Livro dos Nomes,0
Casadei,Cas a de Deus,Latim,Extraído de Livro dos Nomes,0
Casagr ande,Cas a grande,Italiano,Extraído de Livro dos Nomes,0
Cascudo,Ho mem grosseiro,Português,Extraído de Livro dos Nomes,0
Casimiro,"Kazatimiru, com anda a paz",Esl avo,Extraído de Livro dos Nomes,0
Cásper,O  que fiscaliz a,Germ ânico,Extraído de Livro dos Nomes,0
Cassandra,"Kassandr a, auxili ar do homem",Grego,Extraído de Livro dos Nomes,0
Cassandro,"Ho mem distinto, homem que se disti ngue",Grego,Extraído de Livro dos Nomes,0
Cássia,Nome de u ma pl anta,Lati m,Extraído de Livro dos Nomes,0
Cassiana,"Descen dente de Cáss io, filha de C ássio",Lati m,Extraído de Livro dos Nomes,0
Cassiano,Muito  eqüitativo,Latim,Extraído de Livro dos Nomes,0
Cassilda,Guerr eira de l ança,Ger mânico,Extraído de Livro dos Nomes,0
Cássio,"Disti nto, ilustrado",Latim,Extraído de Livro dos Nomes,0
Cassiod oro,"Cass iodor us, do grego Kassi ódoros. Der ivado d e Cássio",Latim,Extraído de Livro dos Nomes,0
Castanheda,Lugar das castanh eiras,Astúri o,Extraído de Livro dos Nomes,0
Castela r,"Do caste lo, também nome de pl anta",Esp anho l,Extraído de Livro dos Nomes,0
Castilh o,"Castillo, castel o, castel o fortifica do",Esp anho l,Extraído de Livro dos Nomes,0
Casto,"Ho nesto,  puro",Latim,Extraído de Livro dos Nomes,0
Castor,"O que se destac a, distinto.  Irmão de Pó lux",Grego,Extraído de Livro dos Nomes,0
Castro,"Castelo, fortaleza, forte",Lati m,Extraído de Livro dos Nomes,0
Cataia,"Erva medicinal, folha qu e queima",Tupi,Extraído de Livro dos Nomes,0
Cataldo,Que governa a guerra,Germ ânico,Extraído de Livro dos Nomes,0
Catalina,"Pura. Em portug uês e espan hol, o me smo que Catar ina",Grego,Extraído de Livro dos Nomes,0
Cataline,Puritana,Grego,Extraído de Livro dos Nomes,0
Catão,"Cato, Caton is, provavelm ente do sabi no catus,  agud o, sagaz,",Latim,Extraído de Livro dos Nomes,0
Catanduva,Mato ralo,Tupi,Extraído de Livro dos Nomes,0
Catarina,"Kátharos, pur o",Grego,Extraído de Livro dos Nomes,0
Catulo,"Astuto, sagaz",Latim,Extraído de Livro dos Nomes,0
Cátulo,"Catu lus, filhote de animalcãozinho",Latim,Extraído de Livro dos Nomes,0
Catumbi,O mato verde,Tupi,Extraído de Livro dos Nomes,0
Catyba,"Mata cerrada, espess a",Tupi,Extraído de Livro dos Nomes,0
Cavalheiro,"Genti l, galante ador",Portug uês,Extraído de Livro dos Nomes,0
Caxangá,Mato estendido,Tupi,Extraído de Livro dos Nomes,0
Cayari,Rio dos cajás,Tupi,Extraído de Livro dos Nomes,0
Ceci,Minha m ãe. No me de mulher,Tupi,Extraído de Livro dos Nomes,0
Cecília,"Caecilia, de ceg o",Lati m,Extraído de Livro dos Nomes,0
Cecrope,"Cecr ope, do greg o Kécrops, o primeiro rei de Atenas",Latim,Extraído de Livro dos Nomes,0
Céculo,"Caecu lus, diminutivo de caecus, de olhos pequeninos",Lati m,Extraído de Livro dos Nomes,0
Cedric,Chefe gu erreir o,Céltico,Extraído de Livro dos Nomes,0
Cefas,"Cephas, este do ara maico Kép hâs, rocha, pedra",Lati m,Extraído de Livro dos Nomes,0
Cegytar a,"O carreg ador, o que faz transp orte",Tupi,Extraído de Livro dos Nomes,0
Célado n,"Ce ladon, do grego Kél adon, de Ké lados, grito, chamado",Latim,Extraído de Livro dos Nomes,0
Celena,U ma das ir mãs de Atlas,Grego,Extraído de Livro dos Nomes,0
Celeste,"Caelestis,  do céu, celeste,  divina",Lati m,Extraído de Livro dos Nomes,0
Celerino,"Celerinus, célere, rápido",Lati m,Extraído de Livro dos Nomes,0
Célia,"Celesti al, celeste. Anagrama do n ome Alice, ou do greg o Aleth ia, a",Lati m,Extraído de Livro dos Nomes,0
Célico,Próprio o u natural do cé u,Lati m,Extraído de Livro dos Nomes,0
Celidônio,"Chelidónios, de chel idón, andorinha",Grego,Extraído de Livro dos Nomes,0
Celimena,"Cé limère, criaç ão de M olière no Misantropo",Francês,Extraído de Livro dos Nomes,0
Celina,Filha do céu; di minutivo  de Célia,Lati m,Extraído de Livro dos Nomes,0
Celínia,Filh a do céu; variaçã o de Célia,Latim,Extraído de Livro dos Nomes,0
Celino,Filho do céu; di minutivo  de Célio,Lati m,Extraído de Livro dos Nomes,0
Célio,No me de uma das sete colinas de Ro ma,Latim,Extraído de Livro dos Nomes,0
Celosia,Flor que nasce,Grego,Extraído de Livro dos Nomes,0
Celso,"Alto, elevado",Lati m,Extraído de Livro dos Nomes,0
Cendi,A luz,Tupi,Extraído de Livro dos Nomes,0
Cendira,Irmã,Tupi,Extraído de Livro dos Nomes,0
Cendyi,"Luz, claridade",Lati m,Extraído de Livro dos Nomes,0
Cerayma,"Sem no me, não b atizado, pag ão",Tupi,Extraído de Livro dos Nomes,0
Cereal,"Cerealis, de Ceres, a deus a das cearas, da agr icultura",Lati m,Extraído de Livro dos Nomes,0
Cerqueira,"Cervo,  muitos cervos.  Sobr enome de fa mílias brasileiras",Latim,Extraído de Livro dos Nomes,0
César,"Ca esar, de cab eleira lon ga",Latim,Extraído de Livro dos Nomes,0
Casária,"Ca esaria, der ivado d e Caesar",Latim,Extraído de Livro dos Nomes,0
Cesarino,"Ca esarin us, derivado de César",Latim,Extraído de Livro dos Nomes,0
Césio,"Caesius, de caesius, esverdeado",Lati m,Extraído de Livro dos Nomes,0
Cesira,"Koisyra, pomposa",Grego,Extraído de Livro dos Nomes,0
Cesônia,"Caeso nia, no me da es posa de Ca lígula",Lati m,Extraído de Livro dos Nomes,0
Casôni o,"Ca esoni us, nome de famíl ia rom ana",Latim,Extraído de Livro dos Nomes,0
Ceuci,Mãe  do pranto,Tupi,Extraído de Livro dos Nomes,0
Chaga s,"De orig em religiosa, e vocaç ão das chag as de Cristo",Portug uês,Extraído de Livro dos Nomes,0
Chamberlain,Camareiro,Inglês,Extraído de Livro dos Nomes,0
Chape có,Caminho tril hado freq üente mente,Tupi,Extraído de Livro dos Nomes,0
Chara,Alegre,Grego,Extraído de Livro dos Nomes,0
Charlotta,(Sueco) - Car lota,Sueco,Extraído de Livro dos Nomes,0
Charlotte,Carlota,"Inglês, francês",Extraído de Livro dos Nomes,0
Chaves,Der ivado d e uma cidade de Portuga l,Português,Extraído de Livro dos Nomes,0
Chede,Dád iva de De us,Árabe,Extraído de Livro dos Nomes,0
Chermont,Que pr ocura mo nte,Francês,Extraído de Livro dos Nomes,0
Chiar a,Cl ara,Grego,Extraído de Livro dos Nomes,0
Childerico,"C hilde, hilde: combate, e rik: príncip e príncip e",Germ ânico,Extraído de Livro dos Nomes,0
Chiqu ita,Meni ninha,Espan hol,Extraído de Livro dos Nomes,0
Christine,Cristin a,"Inglês, Francês",Extraído de Livro dos Nomes,0
Churi,Ema,Guara ni,Extraído de Livro dos Nomes,0
Ciaxares,"K yaxáres,  nome de um rei dos M edos",Grego,Extraído de Livro dos Nomes,0
Cibele,A Gran de Mãe dos De uses. É a gra nde deus a da Frígia,Grego,Extraído de Livro dos Nomes,0
Cícero,"Cic ero, grão de bic o",Latim,Extraído de Livro dos Nomes,0
Cicno,"C ycnus,  do gr ego K yknos , cisne",Latim,Extraído de Livro dos Nomes,0
Cid,"Seid, senhor . Nome do her ói espa nhol El C id",Ára be,Extraído de Livro dos Nomes,0
Cimon,"Ci mone, do greg o Kimon, negro, pardo, sombrio",Latim,Extraído de Livro dos Nomes,0
Cinar a,"Alcachofra, cardo",Grego,Extraído de Livro dos Nomes,0
Cincinato,Que te m cabe lo encar acola do ou cach eado,Lati m,Extraído de Livro dos Nomes,0
Cinderela,"Dedrillon, garota do borralho",Francês,Extraído de Livro dos Nomes,0
Cinders,Variação d e Cinderela,Teutôn ico,Extraído de Livro dos Nomes,0
Cinira,"Lira que se toca va no tem plo de Jerusa lém; q ue geme,","Hebr aico, greg o",Extraído de Livro dos Nomes,0
Cíniras,"Cinyras, do gre go Kin yras, rei d e Chipre, pai de Adônis",Lati m,Extraído de Livro dos Nomes,0
Cinosura,"Cynosura,  do gr ego K ynóura:  kyon, cão, e ourá, cauda",Lati m,Extraído de Livro dos Nomes,0
Cíntia,"Cynthia, natura l de Cinto. Um  dos no mes da d eusa Di ana","Latim, gre go",Extraído de Livro dos Nomes,0
Cintra,"Os  Celtas davam a lu a o nome de C YNTHIA , e desta palavra é",Celta,Extraído de Livro dos Nomes,0
Cipião,"Scipio, Scip ionis, bastão",Lati m,Extraído de Livro dos Nomes,0
Cipoú na,Cipó preto,Tupi,Extraído de Livro dos Nomes,0
Cipriano,"Cyprius, natura l de Ch ipre, cipriota",Lati m,Extraído de Livro dos Nomes,0
Cípselo,"C ypselus, do greg o Kypselos, um  tirano d e Corinto, pai d e",Latim,Extraído de Livro dos Nomes,0
Cirano,"Kyrene, de Cire ne, cidade da Cirenaica n o norte da África",Grego,Extraído de Livro dos Nomes,0
Circe,Filha do so l. Perso nage m da Odiss éia de H omero,Grego,Extraído de Livro dos Nomes,0
Cirene,"Kire ne, de Cirene, ninfa raptada p or Apolo e levada para o",Grego,Extraído de Livro dos Nomes,0
Cireneu,"Natural d e Cirene. Simão nasceu e m Cirene, mo rava em",Grego,Extraído de Livro dos Nomes,0
Cirênia,"Derivado de C yrenaeus, natural da cidade de Cirene",Lati m,Extraído de Livro dos Nomes,0
Cirênio,Masculino d e Cirênia,Latim,Extraído de Livro dos Nomes,0
Ciríaco,Homem do Senh or,"Grego, latim",Extraído de Livro dos Nomes,0
Cirilo,"K yrillos, de ple na autori dade",Grego,Extraído de Livro dos Nomes,0
Cirino,Quiri nus,Latim,Extraído de Livro dos Nomes,0
Cirne,"O  cisneiro, criador de cisn es",Português,Extraído de Livro dos Nomes,0
Ciro,"Kur ush, o So l, deus do Sol",Antigo pers a,Extraído de Livro dos Nomes,0
Clair e,Cl ara,Francês,Extraído de Livro dos Nomes,0
Clara,"Clara, bri lhante, il ustre",Lati m,Extraído de Livro dos Nomes,0
Clarêncio,Ilustrado,Lati m,Extraído de Livro dos Nomes,0
Claret,"Clarinho, di minutivo de cl aro",Catal ão,Extraído de Livro dos Nomes,0
Clarice,Cl aridade,Francês,Extraído de Livro dos Nomes,0
Clarimun do,"Clara proteç ão, proteção da la nça","Lati m, germânico",Extraído de Livro dos Nomes,0
Clarinda,Diminutivo de Cl ara,Lati m,Extraído de Livro dos Nomes,0
Clark,"Cl érigo, em pregado",Inglês,Extraído de Livro dos Nomes,0
Claro,"Clarus, claro, brilhante",Lati m,Extraído de Livro dos Nomes,0
Claudete,"De Clá udio, diminutivo  de Cláudia",Lati m,Extraído de Livro dos Nomes,0
Cláudia,Fem inino de Cl áudio,Latim,Extraído de Livro dos Nomes,0
Claudinete,"Cl audinette,  diminutivo de Claudine",Francês,Extraído de Livro dos Nomes,0
Cláudio,"Claudius, o co xo, o manco",Lati m,Extraído de Livro dos Nomes,0
Claudio nor,Aquele que ho nra Cláudio. Ou fusão de Cláudio e Leonor,Latim,Extraído de Livro dos Nomes,0
Clayton,Aldeia barrenta,Inglês,Extraído de Livro dos Nomes,0
Cleandro,"Kleandros: kléos: gl ória, e anér: andr ós homem ho mem",Grego,Extraído de Livro dos Nomes,0
Cleanto,Flor da glória,Grego,Extraído de Livro dos Nomes,0
Clearco,"Cl earchus, do gre go Kléarc hos: kléos: glória, e árcho:",Latim,Extraído de Livro dos Nomes,0
Clebe r,Padeir o,Ger mânico,Extraído de Livro dos Nomes,0
Cléia,Formosa e também n obre,Lati m,Extraído de Livro dos Nomes,0
Clélia,"Cloelia, fam osa, ilustre, nobr e",Lati m,Extraído de Livro dos Nomes,0
Clélio,"Glor ioso, filho d e cliente","Grego, latim",Extraído de Livro dos Nomes,0
Clemência,"Cl emência, bondade, clemência, suavidade",Latim,Extraído de Livro dos Nomes,0
Clemente,"Cl ementis, gentil, bondoso",Latim,Extraído de Livro dos Nomes,0
Cléo,"Cleo, gl ória, fam a",Grego,Extraído de Livro dos Nomes,0
Cleóbul o,"Cl eobu lus, do greg o Kleóbulos: kléos: glória, e bou lé:",Latim,Extraído de Livro dos Nomes,0
Cleodoro,Dádiva gloriosa,Grego,Extraído de Livro dos Nomes,0
Cleófa s,Bril hante de gl ória,Grego,Extraído de Livro dos Nomes,0
Cleóm aco,"Cl eomachus, do gr ego Kló machos: kléos: glória, e má che:",Latim,Extraído de Livro dos Nomes,0
Cleômbroto,"Cl eombrotus, do gre go KLeóbr otos:  kléos: glór ia, e brotós:",Latim,Extraído de Livro dos Nomes,0
Cleom ênia,Lua gl oriosa,Grego,Extraído de Livro dos Nomes,0
Cleon,"Fam a, glória",Grego,Extraído de Livro dos Nomes,0
Cleonice,V itória gloriosa,Grego,Extraído de Livro dos Nomes,0
Cleônides,Feiçã o que den uncia g lória,Grego,Extraído de Livro dos Nomes,0
Cleópatr a,"Cl eopatra, il ustre por seu pai, gl ória de seu p ai",Grego,Extraído de Livro dos Nomes,0
Cleto,"Chamado, eleito",Grego,Extraído de Livro dos Nomes,1
Cléver,Taipeiro,Germ ânico,Extraído de Livro dos Nomes,0
Clície,"Famosa, célebre",Grego,Extraído de Livro dos Nomes,0
